league_name,home_team,away_team,selection,odds,result
Setka Cup,Oleksandr Gomilko,Dmytro Derevynskyi,Under U 77.5,1.83,0.0
Setka Cup,Andriy Chermenskyi,Spartak Abalmaz,Under U 77.5,1.83,1.0
Setka Cup,Oleg Sapuzhak,Roman Bihun,Under U 76.5,1.83,1.0
Setka Cup,Serhii Aristarkhov,Artem Kasyanov,Under U 75.5,1.83,1.0
Setka Cup,Yurii Bondarenko,Evhenii Hrytsenko,Under U 76.5,1.83,1.0
Setka Cup,Ilia Ostryi,Denys Maltsev,Under U 77.5,1.83,1.0
Setka Cup,Pavlo Lavrynenko,Roman Pomin,Over O 77.5,1.83,1.0
Setka Cup,Yaroslav Kovshun,Oleksandr Cherkas,Over O 78.5,1.83,1.0
Setka Cup,Jakub Makara,Josef Chalupa,Under U 77.5,1.83,1.0
Setka Cup,Miroslav Hajek,Pavel Sourek,Under U 75.5,1.83,1.0
Setka Cup,Valerii Merzlikin,Yevhen Skorobahatyi,Over O 75.5,1.83,1.0
Setka Cup,Andrii Obishchenko,Oleksandr Tymofeev,Under U 77.5,1.83,1.0
Setka Cup,Oleg Sapuzhak,Denys Maltsev,Under U 71.5,1.83,1.0
Setka Cup,Serhii Ponomarenko,Roman Horokh,Under U 67.5,1.83,1.0
Setka Cup,Tomas Hucko,Pavel Hala,Over O 76.5,1.83,1.0
Setka Cup,Serhii Aristarkhov,Ivan Fedoryshyn,Under U 74.5,1.83,1.0
Setka Cup,Yurii Bondarenko,Roman Pomin,Over O 76.5,1.83,1.0
Setka Cup,Oleh Volynets,Andrii Melchenko,Under U 75.5,1.83,1.0
Setka Cup,Ruslan Andrishak,Roman Bihun,Under U 75.5,1.83,1.0
Setka Cup,Yaroslav Kovshun,Oleksandr Tymofeev,Under U 76.5,1.83,1.0
Setka Cup,Tomas Hucko,Pavel Sourek,Under U 77.5,1.83,1.0
Setka Cup,Dmytro Prylepa,Maksym Hubenko,Over O 74.5,1.83,0.0
Setka Cup,Pavlo Lavrynenko,Valerii Merzlikin,Over O 77.5,1.83,0.0
Setka Cup,Serhii Ponomarenko,Illia Hubariev,Under U 74.5,1.83,1.0
Setka Cup,Eduard Populovskyi,Sergii Skhabitskiy,Over O 75.5,1.83,1.0
Setka Cup,Oleg Sapuzhak,Ruslan Andrishak,Under U 76.5,1.83,1.0
Setka Cup,Miroslav Hajek,Tomas Hucko,Under U 78.5,1.83,1.0
Setka Cup,Yurii Bondarenko,Yevhen Skorobahatyi,Over O 75.5,1.83,1.0
Setka Cup,Igor Shyndel,Roman Horokh,Under U 76.5,1.83,0.0
Setka Cup,Andrii Obishchenko,Oleh Volynets,Under U 75.5,1.83,0.0
Setka Cup,Volodymyr Burylov,Josef Chalupa,Under U 77.5,1.83,0.0
Setka Cup,Valerii Merzlikin,Roman Pomin,Over O 77.5,1.83,0.0
Setka Cup,Yaroslav Kovshun,Andrii Melchenko,Under U 75.5,1.83,0.0
Setka Cup,Ilia Ostryi,Roman Bihun,Under U 75.5,1.83,0.0
Setka Cup,Igor Shyndel,Serhii Ponomarenko,Under U 63.5,1.83,
Setka Cup,Dmytro Prylepa,Artem Kasyanov,Over O 72.5,1.83,1.0
Setka Cup,Pavlo Lavrynenko,Evhenii Hrytsenko,Under U 77.5,1.83,0.0
Setka Cup,Serhii Ponomarenko,Igor Shyndel,Under U 63.5,1.83,1.0
Setka Cup,Oleh Volynets,Oleksandr Tymofeev,Under U 73.5,1.83,1.0
Setka Cup,Illia Hubariev,Roman Horokh,Under U 70.5,1.83,1.0
Setka Cup,Serhii Aristarkhov,Maksym Hubenko,Under U 75.5,1.83,0.0
Setka Cup,Yurii Bondarenko,Valerii Merzlikin,Over O 76.5,1.83,1.0
Setka Cup,Andrii Obishchenko,Oleksandr Cherkas,Over O 76.5,1.83,1.0
Setka Cup,Ilia Ostryi,Ruslan Andrishak,Under U 76.5,1.83,0.0
Setka Cup,Pavlo Lavrynenko,Yevhen Skorobahatyi,Over O 76.5,1.83,0.0
Setka Cup,Yaroslav Kovshun,Oleh Volynets,Under U 75.5,1.83,1.0
Setka Cup,Denys Maltsev,Roman Bihun,Under U 76.5,1.83,1.0
Setka Cup,Andrii Obishchenko,Andrii Melchenko,Under U 75.5,1.83,1.0
Setka Cup,Oleg Sapuzhak,Ilia Ostryi,Under U 75.5,1.83,0.0
Setka Cup,Maksym Hubenko,Artem Kasyanov,Over O 73.5,1.83,0.0
Setka Cup,Ruslan Andrishak,Denys Maltsev,Under U 74.5,1.83,1.0
Setka Cup,Mykola Kulynych,Vasil Salivonchyk,Under U 73.5,1.83,1.0
Setka Cup,Andrii Melchenko,Oleksandr Tymofeev,Under U 77.5,1.83,1.0
Setka Cup,Roman Boklah,Valerii Romanenko,Over O 76.5,1.83,1.0
Setka Cup,Adam Radkovsky,Tomas Hanke,Over O 76.5,1.83,1.0
Setka Cup,Petr Fiser,Filip Kubos,Over O 77.5,1.83,1.0
Setka Cup,Yurii Priadko,Valerii Romanenko,Over O 75.5,1.83,0.0
Setka Cup,Oleksandr Dukhovenko,Eduard Rubtsov,Over O 65.5,1.83,0.0
Setka Cup,Yurii Parahailo,Ruslan Novak,Over O 75.5,1.83,0.0
Setka Cup,Petr Fiser,Martin Vorel,Over O 78.5,1.83,1.0
Setka Cup,Serhii Solomko,Denys Khavanskyi,Under U 76.5,1.83,1.0
Setka Cup,Roman Cherevko,Yevhen Masko,Under U 75.5,1.83,1.0
Setka Cup,Yurii Priadko,Roman Boklah,Over O 77.5,1.83,1.0
Setka Cup,Oleksandr Dukhovenko,Oleksandr Mishchenko,Under U 75.5,1.83,1.0
Setka Cup,Martin Vorel,Filip Kubos,Over O 77.5,1.83,0.0
Setka Cup,Mykola Kulynych,Bohdan Pyrtyk,Under U 75.5,1.83,1.0
Setka Cup,Volodymyr Korobko,Yurii Parahailo,Under U 76.5,1.83,0.0
Setka Cup,Mykola Slozka,Ruslan Novak,Over O 73.5,1.83,0.0
Setka Cup,Eduard Rubtsov,Andriy Chermenskyi,Under U 76.5,1.83,1.0
Setka Cup,Bohdan Pyrtyk,Vasil Salivonchyk,Under U 76.5,1.83,1.0
Setka Cup,Dmytro Shchegelskyi,Ruslan Novak,Over O 78.5,1.83,0.0
Setka Cup,Stefan Yakimenko,Denys Khavanskyi,Under U 77.5,1.83,0.0
Setka Cup,Roman Reznychenko,Yevhen Masko,Under U 73.5,1.83,0.0
Setka Cup,Oleksandr Mishchenko,Eduard Rubtsov,Under U 74.5,1.83,1.0
Setka Cup,Roman Cherevko,Roman Reznychenko,Under U 74.5,1.83,0.0
Setka Cup,Vitalii Levshyn,Nazar Danyliuk,Under U 76.5,1.83,1.0
Setka Cup,Serhii Solomko,Stefan Yakimenko,Under U 77.5,1.83,1.0
Setka Cup,Vitalii Kobets,Hryhorii Kulishov,Under U 76.5,1.83,0.0
Setka Cup,Roman Zholubak,Vitalii Levshyn,Over O 72.5,1.83,0.0
Setka Cup,Vitalii Levshyn,Dmytro Zeniuk,Over O 63.5,1.83,1.0
Setka Cup,Roman Zholubak,Nazar Danyliuk,Under U 71.5,1.83,1.0
Setka Cup,Nazar Danyliuk,Dmytro Zeniuk,Under U 69.5,1.83,0.0
Setka Cup,Yevhenii Sokoltsov,Hryhorii Kulishov,Under U 78.5,1.83,1.0
Setka Cup,Serhii Chuliukov,Hryhorii Kulishov,Under U 76.5,1.83,0.0
Setka Cup,Vitalii Khamurda,Oleksandr Naida,Over O 75.5,1.83,0.0
Setka Cup,Vitalii Kobets,Yevhenii Sokoltsov,Under U 76.5,1.83,0.0
Setka Cup,Oleksii Shyndel,Vitalii Khamurda,Over O 75.5,1.83,1.0
Setka Cup,Vasil Salivonchyk,Evhenii Trehub,Under U 78.5,1.83,1.0
Setka Cup,Daniil Yevdokymov,Fedir Voinarovskyi,Over O 76.5,1.83,1.0
Setka Cup,Serhii Honcharenko,Vasyl Matviichuk,Under U 77.5,1.83,1.0
Setka Cup,Yurii Parahailo,Ruslan Novak,Over O 76.5,1.83,1.0
Setka Cup,Vitalii Mukhin,Oleksandr Leonenko,Under U 75.5,1.83,1.0
Setka Cup,Mykhailo Vivatenko,Bohdan Plakhtyi,Under U 75.5,1.83,1.0
Setka Cup,Maksym Tkalich,Maksym Stetsenko,Over O 77.5,1.83,1.0
Setka Cup,Jan Rochowanski,Tomas Liska,Over O 77.5,1.83,1.0
Setka Cup,Hryhorii Prokopenko,Ihor Sorochan,Over O 67.5,1.83,1.0
Setka Cup,Dmytro Shchegelskyi,Volodymyr Kuzmych,Over O 76.5,1.83,1.0
Setka Cup,Mykola Chornobai,Vitalii Korniichuk,Over O 76.5,1.83,1.0
Setka Cup,Marek Drbohlav,Ondrej Mezera,Over O 78.5,1.83,1.0
Setka Cup,Denys Khavanskyi,Serhii Hovorunets,Over O 76.5,1.83,1.0
Setka Cup,Daniil Yevdokymov,Oleksandr Ovsiienko,Over O 74.5,1.83,1.0
Setka Cup,Oleksandr Ziakun,Oleksandr Syksa,Over O 75.5,1.83,1.0
Setka Cup,Miloslav Ullman,Lukas Rulc,Over O 77.5,1.83,1.0
Setka Cup,Mykola Pohorilyi,Vasyl Matviichuk,Under U 77.5,1.83,1.0
Setka Cup,Oleh Ponomarenko,Oleksandr Bryzhevatyi,Under U 73.5,1.83,1.0
Setka Cup,Ondrej Kaderabek,Ondrej Mezera,Over O 77.5,1.83,1.0
Setka Cup,Serhii Solomko,Andrii Kurtenko,Under U 75.5,1.83,0.0
Setka Cup,Bohdan Plakhtyi,Evhenii Trehub,Under U 75.5,1.83,1.0
Setka Cup,Maksym Stetsenko,Fedir Voinarovskyi,Over O 75.5,1.83,0.0
Setka Cup,Volodymyr Kuzmych,Oles Kotsyumbas,Over O 76.5,1.83,1.0
Setka Cup,Marek Drbohlav,Dominik Horak,Over O 77.5,1.83,0.0
Setka Cup,Anatolii Kovalenko,Maksym Tkalich,Over O 75.5,1.83,0.0
Setka Cup,Oleh Kurylenko,Dmitro Kuzmenko,Over O 75.5,1.83,1.0
Setka Cup,Oleksandr Bryzhevatyi,Oleksandr Leonenko,Under U 76.5,1.83,0.0
Setka Cup,Ondrej Kaderabek,Marek Drbohlav,Over O 77.5,1.83,1.0
Setka Cup,Denys Khavanskyi,Andrii Kurtenko,Under U 73.5,1.83,1.0
Setka Cup,Daniil Yevdokymov,Maksym Stetsenko,Over O 75.5,1.83,0.0
Setka Cup,Jan Rochowanski,Miloslav Ullman,Over O 75.5,1.83,0.0
Setka Cup,Ondrej Mezera,Dominik Horak,Over O 78.5,1.83,0.0
Setka Cup,Mykhailo Vivatenko,Oleksandr Maslovskyi,Over O 71.5,1.83,0.0
Setka Cup,Maksym Tkalich,Oleksandr Ovsiienko,Over O 76.5,1.83,0.0
Setka Cup,Dmitro Kuzmenko,Oleksandr Syksa,Over O 73.5,1.83,0.0
Setka Cup,Serhii Honcharenko,Ihor Sorochan,Over O 75.5,1.83,1.0
Setka Cup,Dmytro Shchegelskyi,Ruslan Novak,Over O 77.5,1.83,0.0
Setka Cup,Vitalii Mukhin,Oleksandr Bryzhevatyi,Under U 76.5,1.83,0.0
Setka Cup,Serhii Solomko,Stefan Yakimenko,Under U 77.5,1.83,1.0
Setka Cup,Anatolii Nikolenko,Evhenii Trehub,Under U 75.5,1.83,0.0
Setka Cup,Anatolii Kovalenko,Fedir Voinarovskyi,Over O 76.5,1.83,1.0
Setka Cup,Mykola Pohorilyi,Hryhorii Prokopenko,Under U 73.5,1.83,1.0
Setka Cup,Daniil Yevdokymov,Maksym Tkalich,Over O 74.5,1.83,1.0
Setka Cup,Oleksandr Ziakun,Dmitro Kuzmenko,Over O 75.5,1.83,0.0
Setka Cup,Ihor Sorochan,Vasyl Matviichuk,Over O 71.5,1.83,1.0
Setka Cup,Stefan Yakimenko,Andrii Kurtenko,Under U 76.5,1.83,0.0
Setka Cup,Oleh Kurylenko,Roman Tveritinov,Under U 75.5,1.83,1.0
Setka Cup,Mykola Pohorilyi,Serhii Honcharenko,Under U 77.5,1.83,0.0
Setka Cup,Yurii Parahailo,Volodymyr Kuzmych,Over O 76.5,1.83,1.0
Setka Cup,Vitalii Mukhin,Oleh Ponomarenko,Under U 75.5,1.83,1.0
Setka Cup,Vit Kilian,Michal Snizek,Over O 76.5,1.83,0.0
Setka Cup,Ruslan Novak,Oles Kotsyumbas,Over O 74.5,1.83,1.0
Setka Cup,Denys Khavanskyi,Stefan Yakimenko,Under U 77.5,1.83,1.0
Setka Cup,Daniil Yevdokymov,Anatolii Kovalenko,Over O 74.5,1.83,1.0
Setka Cup,Mykhailo Vivatenko,Evhenii Trehub,Under U 76.5,1.83,1.0
Setka Cup,Maksym Tkalich,Fedir Voinarovskyi,Over O 75.5,1.83,1.0
Setka Cup,Volodymyr Kuzmych,Ruslan Novak,Over O 76.5,1.83,0.0
Setka Cup,Oleh Ponomarenko,Oleksandr Leonenko,Under U 76.5,1.83,1.0
Setka Cup,Denys Khavanskyi,Serhii Solomko,Under U 75.5,1.83,1.0
Setka Cup,Oleksandr Lyman,Viktor Ziakun,Under U 71.5,1.83,0.0
Setka Cup,Evhenii Trehub,Mykola Kulynych,Under U 75.5,1.83,0.0
Setka Cup,Maksym Hubenko,Oleksandr Syksa,Over O 77.5,1.83,1.0
Setka Cup,Vitalii Levshyn,Dmytro Zeniuk,Over O 67.5,1.83,1.0
Setka Cup,Yurii Urezchenko,Mykola Pohorilyi,Under U 77.5,1.83,0.0
Setka Cup,Dmytro Prylepa,Serhii Miroshnychenko,Over O 73.5,1.83,0.0
Setka Cup,Michal Makara,Filip Vesely,Under U 76.5,1.83,0.0
Setka Cup,Evhenii Trehub,Bohdan Pyrtyk,Under U 73.5,2.0,0.0
Setka Cup,Marek Drbohlav,Ondrej Mezera,Over O 77.5,1.83,1.0
Setka Cup,Anatolii Nikolenko,Mykola Kulynych,Under U 75.5,1.83,1.0
Setka Cup,Viacheslav Simchuk,Serhii Honcharenko,Over O 74.5,1.83,0.0
Setka Cup,Evhenii Trehub,Anatolii Nikolenko,Under U 76.5,1.9,1.0
Setka Cup,Michal Makara,Marek Drbohlav,Over O 78.5,1.83,1.0
Setka Cup,Vitalii Levshyn,Roman Zholubak,Over O 72.5,1.83,0.0
Setka Cup,Viacheslav Simchuk,Viktor Hyriavyi,Over O 76.5,1.83,0.0
Setka Cup,Serhii Honcharenko,Mykola Pohorilyi,Under U 77.5,1.83,1.0
Setka Cup,Karel Jirousek,Pavel Moulis,Under U 76.5,1.83,0.0
Setka Cup,Oleh Karpenko,Oleksandr Mytsyk,Under U 77.5,1.83,1.0
Setka Cup,Viacheslav Simchuk,Yurii Urezchenko,Over O 72.5,1.83,1.0
Setka Cup,Bohdan Pyrtyk,Mykola Kulynych,Under U 75.5,1.83,0.0
Setka Cup,Serhii Miroshnychenko,Oleksandr Syksa,Over O 77.5,1.83,1.0
Setka Cup,Maksym Hubenko,Dmytro Prylepa,Over O 74.5,1.83,1.0
Setka Cup,Anatolii Nikolenko,Bohdan Pyrtyk,Under U 75.5,1.83,1.0
Setka Cup,Karel Jirousek,Martin Obraz,Under U 76.5,1.83,1.0
Setka Cup,Oleksii Gazhula,Yaroslav Tebenko,Under U 75.5,1.83,1.0
Setka Cup,Vitalii Korniichuk,Mykola Chornobai,Over O 78.5,1.83,0.0
Setka Cup,Valerii Merzlikin,Oleksandr Strutinskiy,Over O 76.5,1.83,0.0
Setka Cup,Oleh Ponomarenko,Oleksandr Ovsiienko,Under U 76.5,1.83,1.0
Setka Cup,Oleksandr Bryzhevatyi,Oleksandr Ovsiienko,Under U 76.5,1.83,1.0
Setka Cup,Vitalii Khamurda,Oleksii Shyndel,Over O 75.5,1.83,1.0
Setka Cup,Oleksandr Bryzhevatyi,Oleh Ponomarenko,Under U 73.5,1.83,0.0
Setka Cup,Oleksii Gazhula,Denys Maltsev,Under U 75.5,1.83,1.0
Setka Cup,Ivan Pytsko,Maksym Khomenko,Under U 75.5,1.83,1.0
Setka Cup,Denys Maltsev,Yaroslav Tebenko,Under U 75.5,1.83,0.0
Setka Cup,Denys Kantarevych,Mykhailo Potapov,Over O 77.5,1.83,0.0
Setka Cup,Oleksandr Naida,Dmytro Rehotun,Under U 75.5,1.83,0.0
Setka Cup,Oleksandr Dukhovenko,Eduard Rubtsov,Over O 65.5,1.83,0.0
Setka Cup,Andrii Homylko,Viktor Sharpai,Over O 74.5,1.9,1.0
Setka Cup,Serhii Khandetskyi,Viktor Sharpai,Over O 74.5,1.83,0.0
Setka Cup,Serhii Khandetskyi,Andrii Homylko,Over O 75.5,1.83,1.0
Setka Cup,Anatolii Kovalenko,Sergey Osipov,Under U 75.5,1.9,1.0
Setka Cup,Oleh Miklukha,Maksym Tkalich,Over O 73.5,1.83,1.0
Setka Cup,Yurii Urezchenko,Serhii Honcharenko,Over O 75.5,1.83,1.0
Setka Cup,Oleh Volynets,Bohdan Zaika,Under U 77.5,1.83,1.0
Setka Cup,Maksym Khomenko,Ivan Pytsko,Under U 75.5,1.83,0.0
Setka Cup,Martin Vorel,Jaroslav Puk,Over O 78.5,1.83,0.0
Setka Cup,Viktor Hyriavyi,Viacheslav Simchuk,Over O 76.5,1.83,1.0
Setka Cup,Serhii Priadko,Viktor Ziakun,Under U 77.5,1.83,1.0
Setka Cup,Yurii Leymanovsky,Mykyta Zinov,Under U 76.5,1.83,1.0
Setka Cup,Anatolii Kovalenko,Maksym Tkalich,Over O 76.5,1.83,0.0
Setka Cup,Oleksandr Ziakun,Ihor Torhachov,Over O 71.5,1.83,0.0
Setka Cup,Denys Kantarevych,Ivan Pytsko,Under U 76.5,1.83,1.0
Setka Cup,Oleksii Gazhula,Denys Maltsev,Under U 75.5,1.9,1.0
Setka Cup,Martin Vorel,Oleh Plyska,Over O 76.5,1.83,0.0
Setka Cup,Oleksandr Ovsiienko,Sergey Osipov,Under U 76.5,1.83,1.0
Setka Cup,Yurii Urezchenko,Viktor Hyriavyi,Over O 74.5,1.83,0.0
Setka Cup,Oleh Volynets,Oleh Karpenko,Under U 73.5,1.83,1.0
Setka Cup,Ondrej Mezera,Filip Vesely,Over O 75.5,1.83,1.0
Setka Cup,Karel Jirousek,Jaroslav Puk,Over O 77.5,2.0,0.0
Setka Cup,Oleh Miklukha,Maksym Stetsenko,Over O 74.5,1.83,1.0
Setka Cup,Yurii Zvolynskyi,Viacheslav Simchuk,Over O 74.5,1.83,0.0
Setka Cup,Andrii Martyniuk,Bohdan Zaika,Under U 76.5,1.72,0.0
Setka Cup,Maksym Khomenko,Yaroslav Tebenko,Under U 72.5,1.83,0.0
Setka Cup,Dominik Horak,Ondrej Mezera,Over O 77.5,1.83,1.0
Setka Cup,Ilia Ostryi,Denys Maltsev,Under U 77.5,1.83,1.0
Setka Cup,Martin Vorel,Karel Jirousek,Over O 76.5,1.83,1.0
Setka Cup,Viktor Hyriavyi,Serhii Honcharenko,Over O 73.5,1.83,0.0
Setka Cup,Yurii Volkov,Stepan Grygorenko,Over O 75.5,1.83,1.0
Setka Cup,Marek Drbohlav,Filip Vesely,Over O 76.5,1.83,1.0
Setka Cup,Oleh Plyska,Jaroslav Puk,Over O 75.5,1.83,0.0
Setka Cup,Yurii Urezchenko,Viacheslav Simchuk,Over O 74.5,1.83,0.0
Setka Cup,Serhii Priadko,Ihor Torhachov,Under U 77.5,1.83,1.0
Setka Cup,Oleh Volynets,Andrii Martyniuk,Under U 76.5,1.83,0.0
Setka Cup,Yaroslav Tebenko,Ivan Pytsko,Under U 76.5,1.83,0.0
Setka Cup,Stepan Grygorenko,Oleh Karpenko,Over O 74.5,1.83,0.0
Setka Cup,Oleksii Gazhula,Ilia Ostryi,Under U 75.5,1.83,1.0
Setka Cup,Viacheslav Simchuk,Serhii Honcharenko,Over O 74.5,1.83,0.0
Setka Cup,Yurii Volkov,Bohdan Zaika,Under U 77.5,1.83,1.0
Setka Cup,Denys Kantarevych,Yaroslav Tebenko,Under U 78.5,1.83,1.0
Setka Cup,Oleksandr Ivchuk,Mykyta Zinov,Under U 76.5,1.83,1.0
Setka Cup,Vojtech Grubr,Ladislav Dobias,Over O 74.5,1.8,0.0
Setka Cup,Yurii Volkov,Andrii Martyniuk,Under U 76.5,1.83,1.0
Setka Cup,Anatolii Kovalenko,Oleh Miklukha,Over O 76.5,1.83,1.0
Setka Cup,Oleksandr Ziakun,Serhii Miroshnychenko,Over O 77.5,1.83,1.0
Setka Cup,Oleh Karpenko,Bohdan Zaika,Under U 77.5,1.83,0.0
Setka Cup,Denys Kantarevych,Maksym Khomenko,Under U 76.5,1.83,1.0
Setka Cup,Valerii Merzlikin,Daniil Habrelyan,Over O 75.5,1.83,0.0
Setka Cup,Maksym Stetsenko,Sergey Osipov,Under U 76.5,1.83,0.0
Setka Cup,Oleh Volynets,Yurii Volkov,Under U 75.5,1.83,0.0
Setka Cup,Oleksandr Ovsiienko,Maksym Tkalich,Over O 77.5,1.83,
Setka Cup,Viktor Ziakun,Ihor Torhachov,Under U 76.5,1.83,1.0
Setka Cup,Martin Obraz,Pavel Moulis,Under U 76.5,1.83,1.0
Setka Cup,Oleg Sapuzhak,Denys Kozoriz,Under U 77.5,1.72,1.0
Setka Cup,Andrii Martyniuk,Oleh Karpenko,Under U 77.5,1.8,1.0
Setka Cup,Roman Mazur,Serhii Kryvoshyi,Under U 76.5,1.83,0.0
Setka Cup,Oleh Kurylenko,Oleksandr Lyman,Under U 77.5,1.83,1.0
Setka Cup,Yaroslav Kovshun,Daniil Habrelyan,Over O 77.5,1.83,0.0
Setka Cup,Petr Semrad,Ondrej Mezera,Over O 77.5,1.83,1.0
Setka Cup,Valerii Merzlikin,Maksym Tiutiunnyk,Over O 76.5,1.83,0.0
Setka Cup,Yaroslav Kovshun,Evhenii Hrytsenko,Under U 76.5,1.83,1.0
Setka Cup,Andrii Kurtenko,Oleksandr Leonenko,Under U 76.5,1.83,0.0
Setka Cup,Roman Mazur,Denys Kozoriz,Under U 74.5,1.83,1.0
Setka Cup,Roman Horokh,Serhii Kiilo,Over O 68.5,1.83,1.0
Setka Cup,Yevhenii Sokoltsov,Hryhorii Kulishov,Under U 76.5,1.83,1.0
Setka Cup,Oleg Sapuzhak,Serhii Kryvoshyi,Under U 76.5,1.83,0.0
Setka Cup,Valerii Merzlikin,Yaroslav Kovshun,Over O 76.5,1.83,0.0
Setka Cup,Maksym Tiutiunnyk,Daniil Habrelyan,Over O 77.5,1.83,1.0
Setka Cup,Stefan Yakimenko,Andrii Kurtenko,Under U 76.5,1.83,1.0
Setka Cup,Serhii Solomko,Oleksandr Leonenko,Under U 77.5,1.83,1.0
Setka Cup,Oleg Sapuzhak,Roman Mazur,Under U 77.5,1.72,1.0
Setka Cup,Serhii Solomko,Andrii Kurtenko,Under U 77.5,1.83,0.0
Setka Cup,Hryhorii Kulishov,Serhii Chuliukov,Under U 76.5,1.83,0.0
Setka Cup,Serhii Solomko,Stefan Yakimenko,Under U 76.5,1.83,0.0
Setka Cup,Yaroslav Stepanchuk,Oleksandr Maslov,Under U 76.5,1.83,0.0
Setka Cup,Andrii Homylko,Serhii Khandetskyi,Over O 75.5,1.83,0.0
Setka Cup,Volodymyr Okopnyi,Myroslav Loboda,Under U 77.5,1.83,1.0
Setka Cup,Andriy Chermenskyi,Eduard Rubtsov,Under U 76.5,1.83,0.0
Setka Cup,Volodymyr Korobko,Oleksandr Budnikov,Under U 76.5,1.83,0.0
Setka Cup,Andrii Homylko,Viktor Sharpai,Over O 73.5,1.83,0.0
Setka Cup,Volodymyr Okopnyi,Volodymyr Korobko,Under U 75.5,1.83,1.0
Setka Cup,Serhii Khandetskyi,Viktor Sharpai,Over O 74.5,1.83,0.0
Setka Cup,Andriy Chermenskyi,Spartak Abalmaz,Under U 77.5,1.8,1.0
Setka Cup,Oleg Sapuzhak,Denys Kozoriz,Under U 76.5,1.83,0.0
Setka Cup,Valerii Kolesnykov,Kyrylo Riazanovskyi,Under U 76.5,1.83,1.0
Setka Cup,Roman Mazur,Serhii Kryvoshyi,Under U 76.5,1.83,0.0
Setka Cup,Ihor Emets,Volodymyr Melnykov,Over O 77.5,1.83,0.0
Setka Cup,Oleksandr Shyshman,Oleksandr Lipeiko,Under U 77.5,1.83,1.0
Setka Cup,Jan Vrnak,Artur Akopyan,Over O 75.5,1.83,0.0
Setka Cup,Oleksandr Bryzhevatyi,Stefan Yakimenko,Under U 77.5,1.83,0.0
Setka Cup,Oleg Sapuzhak,Roman Mazur,Under U 77.5,1.8,1.0
Setka Cup,Vojtech Grubr,Ladislav Dobias,Over O 75.5,1.83,0.0
Setka Cup,Valerii Kolesnykov,Volodymyr Melnykov,Over O 74.5,1.83,0.0
Setka Cup,Oleksandr Lipeiko,Kyrylo Riazanovskyi,Under U 76.5,1.83,0.0
Setka Cup,Oleh Kurylenko,Dmitro Kuzmenko,Over O 75.5,1.83,0.0
Setka Cup,Roman Mazur,Denys Kozoriz,Under U 74.5,1.83,0.0
Setka Cup,Vit Kilian,Jan Vrnak,Over O 77.5,1.83,0.0
Setka Cup,Oleg Sapuzhak,Serhii Kryvoshyi,Under U 76.5,1.83,1.0
Setka Cup,Valerii Kolesnykov,Oleksandr Lipeiko,Under U 76.5,1.83,1.0
Setka Cup,Ladislav Dobias,Josef Chalupa,Over O 77.5,2.0,0.0
Setka Cup,Oleksandr Shyshman,Volodymyr Melnykov,Over O 76.5,1.83,1.0
Setka Cup,Oleksandr Syksa,Serhii Miroshnychenko,Over O 77.5,1.83,1.0
Setka Cup,Ihor Emets,Kyrylo Riazanovskyi,Under U 75.5,1.83,0.0
Setka Cup,Oleksandr Bryzhevatyi,Oleksandr Leonenko,Under U 76.5,1.83,0.0
Setka Cup,Petr Semrad,Michal Makara,Over O 76.5,1.83,1.0
Setka Cup,Ihor Emets,Oleksandr Lipeiko,Under U 75.5,1.83,0.0
Setka Cup,Serhii Miroshnychenko,Dmitro Kuzmenko,Over O 75.5,1.83,0.0
Setka Cup,Oleksandr Shyshman,Kyrylo Riazanovskyi,Under U 75.5,1.83,0.0
Setka Cup,Oleksandr Syksa,Dmitro Kuzmenko,Over O 72.5,1.83,1.0
Setka Cup,Petr Semrad,Ondrej Mezera,Over O 77.5,1.83,0.0
Setka Cup,Filip Kubos,Martin Obraz,Under U 77.5,1.72,0.0
Setka Cup,Dmytro Khairov,Oleksandr Tymofeev,Under U 75.5,1.83,1.0
Setka Cup,Pavel Hala,Adam Radkovsky,Over O 76.5,1.83,1.0
Setka Cup,Oleh Karpenko,Bohdan Zaika,Under U 77.5,1.83,1.0
Setka Cup,Oleksandr Maslovskyi,Evhenii Trehub,Over O 76.5,1.83,1.0
Setka Cup,Artem Kasyanov,Maksym Hubenko,Over O 73.5,1.83,0.0
Setka Cup,Dmytro Khairov,Oleh Karpenko,Under U 76.5,1.83,0.0
Setka Cup,Volodymyr Okopnyi,Myroslav Loboda,Under U 77.5,1.83,1.0
Setka Cup,Dmytro Khairov,Bohdan Zaika,Under U 75.5,1.83,1.0
Setka Cup,Volodymyr Korobko,Denys Maltsev,Under U 77.5,1.72,0.0
Setka Cup,Ivan Pytsko,Denys Maltsev,Under U 72.5,1.83,1.0
Setka Cup,Oleh Karpenko,Oleksandr Cherkas,Over O 75.5,2.0,0.0
Setka Cup,Bohdan Zaika,Oleksandr Tymofeev,Under U 77.5,1.83,1.0
Setka Cup,Yevhenii Sokoltsov,Hryhorii Kulishov,Under U 76.5,1.83,1.0
Setka Cup,Dmytro Rehotun,Oleksandr Naida,Under U 75.5,1.83,0.0
Setka Cup,Kostiantyn Hrynenko,Dmytro Rehotun,Under U 75.5,1.83,0.0
Setka Cup,Ivan Pytsko,Volodymyr Korobko,Under U 75.5,1.83,1.0
Setka Cup,Ruslan Yaremenko,Serhii Chuliukov,Under U 76.5,2.0,0.0
Setka Cup,Dmytro Derevynskyi,Oleksandr Naida,Under U 76.5,1.83,1.0
Setka Cup,Serhii Chuliukov,Hryhorii Kulishov,Under U 76.5,1.83,0.0
Setka Cup,Spartak Abalmaz,Andriy Chermenskyi,Under U 78.5,1.72,1.0
Setka Cup,Mykhailo Sokur,Yehor Riadynskyi,Under U 75.5,1.83,1.0
Setka Cup,Dmitro Kuzmenko,Oleksandr Syksa,Over O 73.5,1.83,0.0
Setka Cup,Tomas Liska,Michal Makara,Over O 75.5,1.83,0.0
Setka Cup,Yevhen Skorobahatyi,Valerii Merzlikin,Over O 77.5,1.83,1.0
Setka Cup,Volodymyr Okopnyi,Myroslav Loboda,Under U 77.5,1.83,0.0
Setka Cup,Yurii Volkov,Bohdan Zaika,Under U 77.5,1.83,0.0
Setka Cup,Oleksandr Maslovskyi,Evhenii Trehub,Over O 76.5,1.83,0.0
Setka Cup,Oleksandr Mytsyk,Denys Khavanskyi,Under U 76.5,1.83,1.0
Setka Cup,Mykhailo Sokur,Oleksandr Strutinskiy,Under U 76.5,1.83,1.0
Setka Cup,Stepan Grygorenko,Andrii Martyniuk,Under U 74.5,1.83,0.0
Setka Cup,Roman Horokh,Serhii Kiilo,Over O 67.5,1.83,1.0
Setka Cup,Dmytro Prylepa,Dmitro Kuzmenko,Over O 74.5,1.83,0.0
Setka Cup,Oleh Volynets,Bohdan Zaika,Under U 75.5,1.83,0.0
Setka Cup,Maksym Hubenko,Oleksandr Syksa,Over O 77.5,1.83,1.0
Setka Cup,Oleh Plyska,Jaroslav Puk,Over O 74.5,1.83,0.0
Setka Cup,Serhii Kiilo,Roman Horokh,Over O 67.5,1.83,0.0
Setka Cup,Maksym Khomenko,Myroslav Loboda,Under U 76.5,1.83,1.0
Setka Cup,Yevhen Skorobahatyi,Oleksandr Strutinskiy,Over O 76.5,1.83,0.0
Setka Cup,Oleh Volynets,Andrii Martyniuk,Under U 76.5,1.83,0.0
Setka Cup,Maksym Hubenko,Dmitro Kuzmenko,Over O 71.5,1.83,1.0
Setka Cup,Oleg Varlamov,Yehor Riadynskyi,Under U 74.5,1.83,0.0
Setka Cup,Volodymyr Okopnyi,Maksym Khomenko,Under U 77.5,1.83,1.0
Setka Cup,Stepan Grygorenko,Bohdan Zaika,Under U 76.5,1.83,0.0
Setka Cup,Miroslav Hajek,Tomas Hucko,Under U 77.5,1.83,1.0
Setka Cup,Yurii Volkov,Oleksandr Cherkas,Over O 76.5,1.83,1.0
Setka Cup,Oleg Varlamov,Valerii Merzlikin,Over O 74.5,1.83,0.0
Setka Cup,Oleh Volynets,Stepan Grygorenko,Under U 76.5,1.83,0.0
Setka Cup,Oleksandr Strutinskiy,Yehor Riadynskyi,Under U 75.5,1.83,1.0
Setka Cup,Miroslav Hajek,Filip Dusil,Under U 76.5,1.83,1.0
Setka Cup,Yurii Volkov,Andrii Martyniuk,Under U 75.5,1.83,1.0
Setka Cup,Mykhailo Sokur,Oleg Varlamov,Under U 76.5,1.83,0.0
Setka Cup,Tomas Hucko,Filip Dusil,Under U 75.5,1.83,0.0
Setka Cup,Oleh Volynets,Yurii Volkov,Under U 75.5,1.83,1.0
Setka Cup,Valerii Merzlikin,Oleksandr Strutinskiy,Over O 76.5,1.83,0.0
Setka Cup,Stepan Grygorenko,Oleksandr Cherkas,Over O 76.5,1.83,0.0
Setka Cup,Volodymyr Plishylo,Ruslan Haiseniuk,Under U 76.5,1.83,1.0
Setka Cup,Andrii Martyniuk,Bohdan Zaika,Under U 77.5,1.72,0.0
Setka Cup,Serhii Kushnirenko,Oleh Torianyk,Under U 73.5,1.83,0.0
Setka Cup,Ivan Kozachuk,Volodymyr Plishylo,Under U 75.5,1.83,0.0
Setka Cup,Lukas Rulc,Michal Makara,Over O 77.5,1.83,0.0
Setka Cup,Oleksii Hrymovskyi,Oleksandr Mishchenko,Under U 75.5,1.83,0.0
Setka Cup,Pavel Moulis,Filip Kubos,Over O 75.5,1.83,0.0
Setka Cup,Oleksandr Melashenko,Oleksandr Gomilko,Under U 75.5,1.83,1.0
Setka Cup,Oleksandr Gomilko,Kostiantyn Hrynenko,Under U 76.5,1.83,0.0
Setka Cup,Roman Cherevko,Roman Reznychenko,Under U 75.5,1.83,0.0
Setka Cup,Yan Krol,Oleksandr Gomilko,Under U 77.5,1.83,1.0
Setka Cup,Orest Hura,Vitalii Boyko,Under U 76.5,1.83,
Setka Cup,Yevhen Masko,Roman Cherevko,Under U 75.5,1.83,1.0
Setka Cup,Dmytro Derevynskyi,Oleksandr Gomilko,Under U 77.5,1.83,0.0
Setka Cup,Jaroslav Puk,Oleh Plyska,Over O 74.5,1.83,0.0
Setka Cup,Oleh Miklukha,Fedir Voinarovskyi,Over O 75.5,1.83,1.0
Setka Cup,Ivan Kozachuk,Volodymyr Plishylo,Under U 76.5,1.83,1.0
Setka Cup,Lukas Rulc,Tomas Liska,Over O 77.5,1.83,1.0
Setka Cup,Ihor Dubinin,Myhailo Levytskii,Over O 75.5,1.83,0.0
Setka Cup,Daniil Yevdokymov,Vitalii Korniichuk,Over O 75.5,1.83,0.0
Setka Cup,Oleh Miklukha,Maksym Stetsenko,Over O 75.5,1.83,1.0
Setka Cup,Oleksandr Ovsiienko,Oleh Ponomarenko,Under U 75.5,1.83,0.0
Setka Cup,Michal Makara,Lukas Rulc,Over O 77.5,1.83,0.0
Setka Cup,Mykhailo Khalenko,Daniil Yevdokymov,Over O 72.5,1.83,0.0
Setka Cup,Maksym Stetsenko,Fedir Voinarovskyi,Over O 76.5,1.83,0.0
Setka Cup,Oleh Miklukha,Vitalii Korniichuk,Over O 75.5,1.83,0.0
Setka Cup,Ivan Kozachuk,Ruslan Haiseniuk,Under U 74.5,1.83,1.0
Setka Cup,Mykhailo Khalenko,Maksym Stetsenko,Over O 73.5,1.83,1.0
Setka Cup,Dmytro Zeniuk,Mykhailo Kistechko,Over O 74.5,1.83,0.0
Setka Cup,Ondrej Mezera,Petr Semrad,Over O 77.5,1.83,0.0
Setka Cup,Volodymyr Plishylo,Ruslan Haiseniuk,Under U 76.5,1.83,1.0
Setka Cup,Mykhailo Khalenko,Oleh Miklukha,Over O 73.5,1.83,0.0
Setka Cup,Maksym Stetsenko,Vitalii Korniichuk,Over O 74.5,1.83,1.0
Setka Cup,Daniil Yevdokymov,Fedir Voinarovskyi,Over O 76.5,1.83,0.0
Setka Cup,Oleg Sapuzhak,Oleh Savenkov,Under U 71.5,1.83,1.0
Setka Cup,Vitalii Boyko,Orest Hura,Under U 76.5,1.83,
Setka Cup,Pavlo Lavrynenko,Evhenii Hrytsenko,Under U 76.5,1.83,1.0
Setka Cup,Illia Hubariev,Igor Shyndel,Under U 59.5,1.83,1.0
Setka Cup,Oleksandr Ziakun,Oleksandr Lyman,Under U 77.5,1.83,
Setka Cup,Vitalii Boyko,Oleh Napirko,Under U 75.5,1.83,0.0
Setka Cup,Roman Cherevko,Yevhen Masko,Under U 75.5,1.83,1.0
Setka Cup,Illia Hubariev,Roman Horokh,Under U 70.5,1.83,0.0
Setka Cup,Roman Bihun,Serhii Kryvoshyi,Under U 76.5,1.83,1.0
Setka Cup,Serhii Aristarkhov,Oleksandr Lyman,Under U 70.5,1.83,1.0
Setka Cup,Eduard Populovskyi,Sergii Skhabitskiy,Over O 75.5,1.83,0.0
Setka Cup,Dmytro Yurkov,Roman Horokh,Under U 74.5,1.83,1.0
Setka Cup,Roman Pomin,Pavlo Lavrynenko,Over O 77.5,1.83,0.0
Setka Cup,Oleh Kuzyshyn,Evhenii Hrytsenko,Under U 75.5,1.83,0.0
Setka Cup,Oleg Sapuzhak,Serhii Kryvoshyi,Under U 76.5,1.83,1.0
Setka Cup,Oleksandr Ziakun,Volodymyr Tatarnykov,Over O 74.5,1.83,1.0
Setka Cup,Vitalii Boyko,Yaroslav Kravets,Under U 75.5,1.83,1.0
Setka Cup,Valerii Kolesnykov,Sergii Skhabitskiy,Under U 78.5,1.83,
Setka Cup,Oleg Sapuzhak,Roman Bihun,Under U 75.5,1.83,0.0
Setka Cup,Oleksandr Gomilko,Oleksandr Melashenko,Under U 75.5,1.83,0.0
Setka Cup,Vladyslav Kovalchuk,Mykola Slozka,Under U 77.5,1.83,0.0
Setka Cup,Yurii Parahailo,Vladyslav Kovalchuk,Under U 75.5,1.83,1.0
Setka Cup,Volodymyr Tatarnykov,Artem Kasyanov,Over O 73.5,1.83,0.0
Setka Cup,Oleh Kuzyshyn,Evhenii Hrytsenko,Under U 77.5,1.83,0.0
Setka Cup,Oleh Bindas,Denys Pesternikov,Under U 77.5,1.83,1.0
Setka Cup,Oleh Savenkov,Serhii Kryvoshyi,Under U 75.5,1.83,1.0
Setka Cup,Igor Shyndel,Illia Hubariev,Under U 59.5,1.83,0.0
Setka Cup,Ivan Kozachuk,Yaroslav Kravets,Under U 75.5,1.83,0.0
Setka Cup,Roman Mazur,Oleg Sapuzhak,Under U 75.5,1.83,1.0
Setka Cup,Pavlo Lavrynenko,Evhenii Hrytsenko,Under U 78.5,1.83,1.0
Setka Cup,Volodymyr Tatarnykov,Ivan Fedoryshyn,Over O 71.5,1.83,0.0
Setka Cup,Serhii Ponomarenko,Roman Horokh,Under U 66.5,1.83,1.0
Setka Cup,Oleh Napirko,Oleh Bindas,Under U 71.5,1.83,0.0
Setka Cup,Ivan Kozachuk,Denys Pesternikov,Under U 78.5,1.83,1.0
Setka Cup,Yaroslav Kovshun,Oleksandr Cherkas,Over O 78.5,1.83,0.0
Setka Cup,Oleh Kuzyshyn,Daniil Habrelyan,Over O 73.5,1.83,0.0
Setka Cup,Serhii Ponomarenko,Illia Hubariev,Under U 74.5,1.83,0.0
Setka Cup,Oleh Bindas,Yaroslav Kravets,Under U 76.5,1.83,1.0
Setka Cup,Eduard Populovskyi,Dmytro Patalakha,Under U 77.5,1.83,1.0
Setka Cup,Roman Mazur,Serhii Kryvoshyi,Under U 76.5,1.83,0.0
Setka Cup,Igor Shyndel,Roman Horokh,Under U 76.5,1.83,0.0
Setka Cup,Serhii Kyienko,Andrii Obishchenko,Under U 78.5,1.83,1.0
Setka Cup,Oleh Savenkov,Oleg Sapuzhak,Under U 71.5,1.83,1.0
Setka Cup,Ivan Kozachuk,Oleh Bindas,Under U 77.5,1.83,1.0
Setka Cup,Dmytro Prylepa,Artem Kasyanov,Over O 71.5,1.83,1.0
Setka Cup,Serhii Ponomarenko,Igor Shyndel,Under U 61.5,1.83,1.0
Setka Cup,Andrii Obishchenko,Oleksandr Cherkas,Over O 76.5,1.83,0.0
Setka Cup,Roman Mazur,Oleh Savenkov,Under U 76.5,1.83,0.0
Setka Cup,Pavlo Lavrynenko,Daniil Habrelyan,Over O 76.5,1.83,1.0
Setka Cup,Illia Hubariev,Roman Horokh,Under U 70.5,1.83,0.0
Setka Cup,Ivan Kozachuk,Oleh Napirko,Under U 76.5,1.83,1.0
Setka Cup,Oleksandr Lipeiko,Dmytro Patalakha,Under U 77.5,1.83,1.0
Setka Cup,Eduard Populovskyi,Oleksandr Lipeiko,Under U 77.5,1.83,0.0
Setka Cup,Oleh Plyska,Stepan Kalensky,Over O 78.5,1.83,1.0
Setka Cup,Yaroslav Kovshun,Serhii Kyienko,Under U 77.5,1.83,1.0
Setka Cup,Serhii Kryvoshyi,Oleg Sapuzhak,Under U 75.5,1.83,1.0
Setka Cup,Pavel Hala,Petr Provaznik,Over O 76.5,1.83,1.0
Setka Cup,Filip Kubos,Stepan Kalensky,Over O 75.5,1.83,1.0
Setka Cup,Vitalii Ananiev,Ihor Torhachov,Over O 72.5,1.83,1.0
Setka Cup,Serhii Priadko,Ihor Serdiuk,Under U 74.5,1.83,1.0
Setka Cup,Viktor Ziakun,Ihor Torhachov,Under U 76.5,1.83,0.0
Setka Cup,Vladyslav Kovalchuk,Ruslan Novak,Over O 72.5,1.83,
Setka Cup,Tomas Stejskal,Martin Vorel,Under U 76.5,1.83,0.0
Setka Cup,Viktor Ziakun,Ihor Serdiuk,Under U 73.5,1.83,0.0
Setka Cup,Valentyn Kurliuk,Ihor Sorochan,Over O 73.5,1.83,1.0
Setka Cup,Ruslan Novak,Mykola Slozka,Over O 74.5,1.83,0.0
Setka Cup,Serhii Priadko,Ihor Torhachov,Under U 77.5,1.83,0.0
Setka Cup,Volodymyr Korobko,Vladyslav Kovalchuk,Under U 74.5,1.83,1.0
Setka Cup,Dmytro Shchegelskyi,Ruslan Novak,Over O 76.5,1.83,1.0
Setka Cup,Viktor Ziakun,Serhii Priadko,Under U 76.5,1.83,1.0
Setka Cup,Vladyslav Kovalchuk,Yurii Parahailo,Under U 75.5,1.83,1.0
Setka Cup,Ihor Serdiuk,Ihor Torhachov,Under U 76.5,1.83,0.0
Setka Cup,Jan Vrnak,Marcel Cmil,Over O 73.5,1.83,1.0
Setka Cup,Radovan Pisa,Michal Makara,Under U 75.5,1.83,1.0
Setka Cup,Serhii Solomko,Oleksandr Leonenko,Under U 76.5,1.83,0.0
Setka Cup,Jan Vrnak,Martin Holub,Under U 75.5,1.83,1.0
Setka Cup,Stefan Yakimenko,Oleksandr Leonenko,Under U 77.5,1.83,1.0
Setka Cup,Vitalii Levshyn,Roman Zholubak,Over O 72.5,1.83,1.0
Setka Cup,Serhii Solomko,Stefan Yakimenko,Under U 77.5,1.83,1.0
Setka Cup,Oleksandr Mishchenko,Oleksandr Dukhovenko,Under U 75.5,1.83,0.0
Setka Cup,Yaroslav Stepanchuk,Hryhorii Kulishov,Under U 77.5,1.83,1.0
Setka Cup,Pavel Plakushchyi,Artem Chepurnyi,Under U 76.5,1.83,1.0
Setka Cup,Yaroslav Stepanchuk,Vitalii Kobets,Under U 76.5,1.83,0.0
Setka Cup,Pavel Plakushchyi,Oleksandr Dukhovenko,Under U 73.5,1.83,1.0
Setka Cup,Vitalii Levshyn,Dmytro Zeniuk,Over O 68.5,1.83,1.0
Setka Cup,Pavel Plakushchyi,Oleksandr Mishchenko,Under U 76.5,1.83,0.0
Setka Cup,Oleksandr Mishchenko,Oleksii Hrymovskyi,Under U 75.5,1.83,1.0
Setka Cup,Mykhailo Khalenko,Fedir Voinarovskyi,Over O 75.5,1.83,1.0
Setka Cup,Roman Tveritinov,Serhii Miroshnychenko,Under U 76.5,1.83,1.0
Setka Cup,Jan Rochowanski,Josef Chalupa,Over O 75.5,1.83,1.0
Setka Cup,Ihor Sorochan,Viacheslav Simchuk,Over O 70.5,1.83,1.0
Setka Cup,Marek Drbohlav,Ondrej Mezera,Over O 77.5,1.83,1.0
Setka Cup,Daniil Yevdokymov,Fedir Voinarovskyi,Over O 76.5,1.83,1.0
Setka Cup,Lukas Rulc,Tomas Liska,Over O 77.5,1.83,1.0
Setka Cup,Ondrej Kaderabek,Ondrej Mezera,Over O 75.5,1.83,1.0
Setka Cup,Oleksandr Leonenko,Stefan Yakimenko,Under U 77.5,1.83,1.0
Setka Cup,Mykhailo Vivatenko,Bohdan Plakhtyi,Over O 74.5,1.83,0.0
Setka Cup,Jan Rochowanski,Tomas Liska,Over O 77.5,1.83,1.0
Setka Cup,Mykola Pohorilyi,Ihor Sorochan,Over O 76.5,1.83,0.0
Setka Cup,Kostiantyn Klymenko,Andrii Kurtenko,Under U 75.5,1.83,1.0
Setka Cup,Lukas Rulc,Josef Chalupa,Over O 77.5,1.83,0.0
Setka Cup,Yurii Zvolynskyi,Viacheslav Simchuk,Over O 73.5,1.83,0.0
Setka Cup,Ruslan Novak,Vladyslav Kovalchuk,Over O 71.5,1.83,1.0
Setka Cup,Serhii Solomko,Stefan Yakimenko,Under U 77.5,1.83,0.0
Setka Cup,Jan Rochowanski,Lukas Rulc,Over O 77.5,1.83,0.0
Setka Cup,Ihor Sorochan,Vasyl Matviichuk,Over O 71.5,1.83,1.0
Setka Cup,Ondrej Mezera,Dominik Horak,Over O 77.5,1.83,1.0
Setka Cup,Maksym Stetsenko,Fedir Voinarovskyi,Over O 75.5,1.83,1.0
Setka Cup,Oleksandr Leonenko,Kostiantyn Klymenko,Under U 75.5,1.83,0.0
Setka Cup,Roman Tveritinov,Oleh Kurylenko,Under U 75.5,1.83,1.0
Setka Cup,Serhii Solomko,Andrii Kurtenko,Under U 77.5,1.83,1.0
Setka Cup,Daniil Yevdokymov,Maksym Stetsenko,Over O 73.5,1.83,0.0
Setka Cup,Tadeas Bertho,Filip Kubos,Over O 75.5,1.83,1.0
Setka Cup,Kostiantyn Klymenko,Stefan Yakimenko,Under U 76.5,1.83,0.0
Setka Cup,Fedir Voinarovskyi,Vitalii Korniichuk,Over O 76.5,1.83,0.0
Setka Cup,Serhii Solomko,Kostiantyn Klymenko,Under U 76.5,1.83,0.0
Setka Cup,Oleksandr Ziakun,Roman Tveritinov,Under U 76.5,1.83,0.0
Setka Cup,Pavel Moulis,Filip Kubos,Over O 75.5,1.83,0.0
Setka Cup,Oleksandr Leonenko,Andrii Kurtenko,Under U 75.5,1.83,1.0
Setka Cup,Vladyslav Kovalchuk,Dmytro Shchegelskyi,Under U 77.5,1.83,0.0
Setka Cup,Oleksandr Ovsiienko,Fedir Voinarovskyi,Over O 76.5,1.83,1.0
Setka Cup,Serhii Solomko,Oleksandr Leonenko,Under U 76.5,1.9,1.0
Setka Cup,Andrii Kurtenko,Stefan Yakimenko,Under U 75.5,1.83,1.0
Setka Cup,Yuriy Melnyk,Viktor Kodola,Under U 72.5,1.83,1.0
Setka Cup,Oleksandr Zhurba,Andrii Datsenko,Under U 75.5,1.83,1.0
Setka Cup,Roman Horokh,Dmytro Yurkov,Under U 74.5,1.83,0.0
Setka Cup,Vitalii Levshyn,Roman Zholubak,Over O 72.5,1.83,0.0
Setka Cup,Anatolii Nikolenko,Yuriy Melnyk,Under U 73.5,1.83,1.0
Setka Cup,Serhii Ponomarenko,Dmytro Yurkov,Under U 61.5,1.83,1.0
Setka Cup,Dmytro Zeniuk,Vitalii Levshyn,Over O 68.5,1.83,0.0
Setka Cup,Oleg Varlamov,Oleksandr Strutinskiy,Over O 75.5,1.83,1.0
Setka Cup,Anatolii Nazarov,Yehor Riadynskyi,Under U 76.5,1.83,1.0
Setka Cup,Yuriy Melnyk,Evhenii Trehub,Under U 75.5,1.83,0.0
Setka Cup,Roman Horokh,Serhii Ponomarenko,Under U 66.5,1.83,1.0
Setka Cup,Oleg Varlamov,Yehor Riadynskyi,Under U 75.5,1.83,1.0
Setka Cup,Mykola Kulynych,Yuriy Melnyk,Under U 77.5,1.83,1.0
Setka Cup,Andrii Datsenko,Oleksandr Zhurba,Under U 75.5,1.83,1.0
Setka Cup,Valerii Merzlikin,Oleksandr Strutinskiy,Over O 75.5,1.83,1.0
Setka Cup,Lukas Veigl,Radovan Pisa,Under U 77.5,1.83,0.0
Setka Cup,Oleg Varlamov,Valerii Merzlikin,Over O 73.5,1.83,0.0
Setka Cup,Ivan Pytsko,Denys Kantarevych,Under U 76.5,1.83,0.0
Setka Cup,Yehor Riadynskyi,Oleksandr Strutinskiy,Under U 76.5,1.83,1.0
Setka Cup,Volodymyr Korobko,Denys Maltsev,Under U 75.5,2.0,
Setka Cup,Ivan Pytsko,Denys Maltsev,Under U 72.5,1.83,0.0
Setka Cup,Volodymyr Korobko,Yaroslav Tebenko,Under U 75.5,1.83,0.0
Setka Cup,Yaroslav Tebenko,Denys Maltsev,Under U 77.5,1.83,0.0
Setka Cup,Volodymyr Korobko,Denys Kantarevych,Under U 76.5,2.0,0.0
Setka Cup,Ivan Pytsko,Yaroslav Tebenko,Under U 75.5,1.83,1.0
Setka Cup,Denys Maltsev,Denys Kantarevych,Under U 74.5,1.83,0.0
Setka Cup,Ivan Pytsko,Volodymyr Korobko,Under U 75.5,1.83,
Setka Cup,Dmytro Rehotun,Oleksandr Naida,Under U 75.5,1.83,0.0
Setka Cup,Yaroslav Tebenko,Denys Kantarevych,Under U 78.5,1.83,1.0
Setka Cup,Sergii Skhabitskiy,Serhii Liashchevskyi,Under U 75.5,1.83,1.0
Setka Cup,Oleh Karpenko,Valerii Kolesnykov,Under U 75.5,1.83,0.0
Setka Cup,Maksym Hubenko,Oleksandr Syksa,Over O 77.5,1.83,0.0
Setka Cup,Oleh Volynets,Serhii Kyienko,Under U 76.5,1.83,1.0
Setka Cup,Oleksandr Mytsyk,Oleksandr Shyshman,Under U 74.5,1.83,0.0
Setka Cup,Anton Molochko,Vitalii Levshyn,Under U 76.5,1.83,1.0
Setka Cup,Sergii Skhabitskiy,Valerii Kolesnykov,Under U 77.5,1.83,0.0
Setka Cup,Stepan Grygorenko,Bohdan Zaika,Under U 77.5,1.83,1.0
Setka Cup,Oleksandr Strutinskiy,Mykhailo Sokur,Under U 76.5,1.83,0.0
Setka Cup,Oleksandr Shyshman,Serhii Liashchevskyi,Under U 75.5,1.83,1.0
Setka Cup,Oleh Karpenko,Oleksandr Mytsyk,Under U 75.5,1.83,0.0
Setka Cup,Maksym Hubenko,Artem Kasyanov,Over O 73.5,1.83,0.0
Setka Cup,Karel Jirousek,Martin Obraz,Under U 75.5,1.83,1.0
Setka Cup,Nazar Danyliuk,Anton Molochko,Under U 76.5,1.83,0.0
Setka Cup,Bohdan Zaika,Serhii Kyienko,Under U 75.5,1.83,0.0
Setka Cup,Oleg Varlamov,Mykhailo Sokur,Under U 76.5,1.83,1.0
Setka Cup,Sergii Skhabitskiy,Oleksandr Shyshman,Under U 75.5,1.83,0.0
Setka Cup,Jan Blazek,Karel Jirousek,Over O 74.5,1.83,1.0
Setka Cup,Dmytro Zeniuk,Vitalii Levshyn,Over O 68.5,1.83,1.0
Setka Cup,Anatolii Nazarov,Daniil Habrelyan,Under U 72.5,1.83,1.0
Setka Cup,Oleksandr Mytsyk,Valerii Kolesnykov,Under U 75.5,1.83,0.0
Setka Cup,Artem Kasyanov,Oleksandr Syksa,Over O 71.5,1.83,0.0
Setka Cup,Oleh Volynets,Bohdan Zaika,Under U 75.5,1.83,1.0
Setka Cup,Oleksandr Strutinskiy,Valerii Merzlikin,Over O 76.5,1.83,0.0
Setka Cup,Sergii Skhabitskiy,Oleksandr Mytsyk,Under U 74.5,1.83,0.0
Setka Cup,Viacheslav Simchuk,Serhii Honcharenko,Over O 73.5,1.83,1.0
Setka Cup,Yurii Volkov,Serhii Kyienko,Under U 75.5,1.83,1.0
Setka Cup,Oleh Karpenko,Oleksandr Shyshman,Under U 76.5,1.83,
Setka Cup,Oleh Volynets,Stepan Grygorenko,Under U 76.5,1.83,1.0
Setka Cup,Nazar Danyliuk,Vitalii Levshyn,Under U 76.5,1.83,1.0
Setka Cup,Valerii Kolesnykov,Serhii Liashchevskyi,Under U 75.5,1.83,1.0
Setka Cup,Yurii Volkov,Bohdan Zaika,Under U 77.5,1.83,1.0
Setka Cup,Oleg Varlamov,Valerii Merzlikin,Over O 74.5,1.83,1.0
Setka Cup,Sergii Skhabitskiy,Oleh Karpenko,Under U 77.5,1.83,0.0
Setka Cup,Oleksandr Mytsyk,Serhii Liashchevskyi,Under U 76.5,1.83,1.0
Setka Cup,Oleh Volynets,Yurii Volkov,Under U 75.5,1.83,1.0
Setka Cup,Anton Molochko,Roman Zholubak,Under U 72.5,1.83,0.0
Setka Cup,Vladyslav Stukalov,Oleksandr Bryzhevatyi,Over O 72.5,1.83,0.0
Setka Cup,Mykhailo Sokur,Daniil Habrelyan,Under U 74.5,1.83,1.0
Setka Cup,Oleksandr Shyshman,Valerii Kolesnykov,Under U 77.5,1.83,1.0
Setka Cup,Stepan Grygorenko,Serhii Kyienko,Under U 77.5,1.83,1.0
Setka Cup,Oleg Varlamov,Oleksandr Strutinskiy,Over O 75.5,1.83,1.0
Setka Cup,Oleg Sapuzhak,Denys Kozoriz,Under U 75.5,1.83,0.0
Setka Cup,Anatolii Dulich,Ilia Ostryi,Under U 75.5,1.83,0.0
Setka Cup,Vitalii Mukhin,Oleksandr Bryzhevatyi,Under U 76.5,1.83,1.0
Setka Cup,Valerii Merzlikin,Daniil Habrelyan,Over O 75.5,1.83,0.0
Setka Cup,Roman Mazur,Andriy Didyk,Under U 76.5,1.83,0.0
Setka Cup,Oleh Ponomarenko,Mykola Chornobai,Over O 76.5,1.83,1.0
Setka Cup,Anatolii Nazarov,Mykhailo Sokur,Under U 76.5,1.83,1.0
Setka Cup,Serhii Kryvoshyi,Oleh Savenkov,Under U 75.5,1.83,1.0
Setka Cup,Yaroslav Tebenko,Denys Kantarevych,Under U 78.5,1.83,0.0
Setka Cup,Oleg Sapuzhak,Andriy Didyk,Under U 76.5,1.83,1.0
Setka Cup,Oleh Savenkov,Denys Kozoriz,Under U 73.5,1.83,1.0
Setka Cup,Andrii Datsenko,Oleksandr Zhurba,Under U 75.5,1.83,0.0
Setka Cup,Denys Kantarevych,Ilia Ostryi,Under U 76.5,1.83,1.0
Setka Cup,Roman Mazur,Serhii Kryvoshyi,Under U 77.5,1.83,0.0
Setka Cup,Vladyslav Stukalov,Mykola Chornobai,Over O 75.5,1.83,0.0
Setka Cup,Oleg Sapuzhak,Oleh Savenkov,Under U 71.5,1.83,1.0
Setka Cup,Oleksandr Zhurba,Andrii Datsenko,Under U 75.5,1.83,1.0
Setka Cup,Serhii Kryvoshyi,Andriy Didyk,Under U 74.5,1.83,1.0
Setka Cup,Yaroslav Tebenko,Ivan Pytsko,Under U 75.5,1.83,0.0
Setka Cup,Vladyslav Stukalov,Oleh Ponomarenko,Over O 75.5,1.83,0.0
Setka Cup,Oleksandr Bryzhevatyi,Mykola Chornobai,Over O 74.5,1.83,0.0
Setka Cup,Oleg Sapuzhak,Serhii Kryvoshyi,Under U 75.5,1.83,0.0
Setka Cup,Roman Mazur,Oleh Savenkov,Under U 76.5,1.83,1.0
Setka Cup,Ivan Pytsko,Ilia Ostryi,Under U 76.5,1.83,0.0
Setka Cup,Oleg Sapuzhak,Roman Mazur,Under U 75.5,1.83,1.0
Setka Cup,Yaroslav Tebenko,Ilia Ostryi,Under U 76.5,1.83,
Setka Cup,Oleh Savenkov,Andriy Didyk,Under U 72.5,1.83,1.0
Setka Cup,Denys Kantarevych,Ivan Pytsko,Under U 76.5,1.83,0.0
Setka Cup,Lukas Veigl,Radovan Pisa,Under U 77.5,1.83,1.0
Setka Cup,Serhii Chelpanov,Oleksandr Mishchenko,Under U 76.5,1.83,1.0
Setka Cup,Oleksandr Naida,Dmytro Rehotun,Under U 75.5,1.83,1.0
Setka Cup,Oleh Napirko,Viktor Slozka,Over O 71.5,1.83,
Setka Cup,Serhii Berezynskyi,Gregory Kuzmenko,Over O 74.5,1.83,
Setka Cup,Viktor Slozka,Serhii Berezynskyi,Over O 68.5,1.83,
Setka Cup,Eduard Rubtsov,Spartak Abalmaz,Under U 77.5,1.83,1.0
Setka Cup,Serhii Chelpanov,Artem Chepurnyi,Under U 76.5,1.83,1.0
Setka Cup,Andriy Didyk,Denys Kozoriz,Under U 74.5,1.83,1.0
Setka Cup,Oleksandr Mytsyk,Oleh Karpenko,Under U 77.5,1.83,1.0
Setka Cup,Anatolii Dulich,Denys Kantarevych,Over O 74.5,1.83,0.0
Setka Cup,Ivan Pytsko,Denys Maltsev,Under U 72.5,1.83,1.0
Setka Cup,Lukas Adam,Vojtech Grubr,Under U 77.5,1.83,1.0
Setka Cup,Denys Khavanskyi,Sergii Skhabitskiy,Under U 75.5,1.83,1.0
Setka Cup,Viktor Hyriavyi,Mykola Pohorilyi,Over O 63.5,1.83,1.0
Setka Cup,Ihor Torhachov,Viktor Ziakun,Under U 76.5,1.83,1.0
Setka Cup,Yaroslav Tebenko,Oles Kotsyumbas,Under U 77.5,1.83,0.0
Setka Cup,Andriy Didyk,Oleh Savenkov,Under U 72.5,1.83,1.0
Setka Cup,Vladyslav Stukalov,Oleh Ponomarenko,Over O 75.5,1.83,0.0
Setka Cup,Oleg Sapuzhak,Denys Kozoriz,Under U 77.5,1.83,1.0
Setka Cup,Sergii Skhabitskiy,Oleh Karpenko,Under U 77.5,1.83,1.0
Setka Cup,Serhii Honcharenko,Viktor Hyriavyi,Over O 74.5,1.83,0.0
Setka Cup,Viktor Ziakun,Oleksandr Lyman,Under U 71.5,1.83,0.0
Setka Cup,Vitalii Mukhin,Oleksandr Bryzhevatyi,Under U 74.5,1.83,1.0
Setka Cup,Serhii Kryvoshyi,Roman Mazur,Under U 78.5,1.83,0.0
Setka Cup,Ihor Emets,Denys Khavanskyi,Under U 77.5,1.83,1.0
Setka Cup,Serhii Maliuk,Ihor Torhachov,Over O 67.5,1.83,0.0
Setka Cup,Oleh Ponomarenko,Mykola Chornobai,Over O 77.5,1.83,0.0
Setka Cup,Ivan Pytsko,Yaroslav Tebenko,Under U 77.5,1.83,1.0
Setka Cup,Andriy Didyk,Oleg Sapuzhak,Under U 75.5,1.83,1.0
Setka Cup,Filip Vesely,Marek Drbohlav,Over O 76.5,1.83,0.0
Setka Cup,Miloslav Ullman,Vojtech Grubr,Over O 77.5,1.83,1.0
Setka Cup,Roman Mazur,Oleh Savenkov,Under U 76.5,1.83,1.0
Setka Cup,Ihor Torhachov,Serhii Priadko,Under U 78.5,1.83,0.0
Setka Cup,Vitalii Mukhin,Oleh Ponomarenko,Under U 73.5,1.83,0.0
Setka Cup,Yaroslav Tebenko,Denys Maltsev,Under U 77.5,1.83,0.0
Setka Cup,Serhii Kryvoshyi,Denys Kozoriz,Under U 75.5,1.83,1.0
Setka Cup,Vladyslav Stukalov,Oleksandr Bryzhevatyi,Over O 71.5,1.83,0.0
Setka Cup,Ivan Pytsko,Denys Kantarevych,Under U 76.5,1.83,0.0
Setka Cup,Andriy Didyk,Roman Mazur,Under U 76.5,1.83,1.0
Setka Cup,Oleksandr Mytsyk,Denys Khavanskyi,Under U 75.5,1.83,1.0
Setka Cup,Serhii Kryvoshyi,Oleg Sapuzhak,Under U 76.5,1.83,1.0
Setka Cup,Ihor Emets,Sergii Skhabitskiy,Under U 75.5,1.83,0.0
Setka Cup,Oleh Savenkov,Denys Kozoriz,Under U 73.5,1.83,0.0
Setka Cup,Serhii Priadko,Oleksandr Lyman,Under U 72.5,1.83,1.0
Setka Cup,Andriy Didyk,Serhii Kryvoshyi,Under U 73.5,1.83,1.0
Setka Cup,Marcel Cmil,Vit Kilian,Over O 76.5,1.83,0.0
Setka Cup,Oleksandr Ziakun,Serhii Maliuk,Over O 76.5,1.83,0.0
Setka Cup,Oleksandr Bryzhevatyi,Mykola Chornobai,Over O 73.5,1.83,1.0
Setka Cup,Karel Jirousek,Jaroslav Puk,Over O 75.5,1.83,1.0
Setka Cup,Roman Mazur,Denys Kozoriz,Under U 75.5,1.83,0.0
Setka Cup,Ihor Torhachov,Oleksandr Lyman,Under U 71.5,1.83,1.0
Setka Cup,Yaroslav Tebenko,Denys Kantarevych,Under U 78.5,1.83,0.0
Setka Cup,Oleg Sapuzhak,Oleh Savenkov,Under U 73.5,1.83,0.0
Setka Cup,Viktor Ziakun,Serhii Priadko,Under U 75.5,1.83,1.0
Setka Cup,Vladyslav Stukalov,Mykola Chornobai,Over O 75.5,1.83,1.0
Setka Cup,Maksym Tiutiunnyk,Daniil Habrelyan,Over O 77.5,1.83,0.0
Setka Cup,Vit Kilian,Martin Holub,Under U 78.5,1.83,1.0
Setka Cup,Yurii Urezchenko,Valentyn Kurliuk,Over O 71.5,1.83,0.0
Setka Cup,Valerii Merzlikin,Evhenii Hrytsenko,Over O 75.5,1.83,0.0
Setka Cup,Oleksii Kulbach,Andrii Lanchut,Over O 75.5,1.83,1.0
Setka Cup,Daniil Habrelyan,Oleksandr Zhyrnov,Under U 75.5,1.83,0.0
Setka Cup,Oleksandr Ivchuk,Mykyta Zinov,Under U 75.5,1.83,1.0
Setka Cup,Anton Yakovenko,Ruslan Yaremenko,Under U 76.5,1.83,1.0
Setka Cup,Valerii Merzlikin,Daniil Habrelyan,Over O 75.5,1.83,1.0
Setka Cup,Viktor Sydorchuk,Andrii Lanchut,Over O 69.5,1.83,1.0
Setka Cup,Maksym Tiutiunnyk,Evhenii Hrytsenko,Over O 74.5,1.83,0.0
Setka Cup,Petr Fiser,Filip Kubos,Over O 75.5,1.83,1.0
Setka Cup,Oleksandr Zhurba,Andrii Datsenko,Under U 75.5,1.83,0.0
Setka Cup,Yaroslav Kovshun,Oleksandr Zhyrnov,Under U 75.5,1.83,1.0
Setka Cup,Stefan Yakimenko,Serhii Hovorunets,Over O 74.5,1.83,0.0
Setka Cup,Yurii Urezchenko,Oleksandr Hoholev,Over O 75.5,1.83,0.0
Setka Cup,Valerii Merzlikin,Maksym Tiutiunnyk,Over O 76.5,1.83,1.0
Setka Cup,Kostiantyn Klymenko,Oleksandr Osadchyi,Under U 77.5,1.83,0.0
Setka Cup,Viktor Sydorchuk,Oleksii Kulbach,Over O 74.5,1.83,1.0
Setka Cup,Andrii Datsenko,Oleksandr Zhurba,Under U 75.5,1.83,0.0
Setka Cup,Pavel Hala,Ondrej Mezera,Over O 78.5,1.83,1.0
Setka Cup,Oleksandr Leonenko,Serhii Solomko,Under U 75.5,1.83,0.0
Setka Cup,Oleksandr Hoholev,Valentyn Kurliuk,Over O 78.5,1.83,1.0
Setka Cup,Anton Yakovenko,Hryhorii Kulishov,Under U 75.5,1.83,0.0
Setka Cup,Evhenii Hrytsenko,Oleksandr Zhyrnov,Under U 75.5,1.83,0.0
Setka Cup,Stefan Yakimenko,Oleksandr Osadchyi,Under U 73.5,1.83,1.0
Setka Cup,Valerii Merzlikin,Yaroslav Kovshun,Over O 75.5,1.83,1.0
Setka Cup,Andrii Peretiatko,Anton Yakovenko,Under U 75.5,1.83,1.0
Setka Cup,Kostiantyn Klymenko,Oleksandr Leonenko,Under U 75.5,1.83,0.0
Setka Cup,Stefan Yakimenko,Serhii Solomko,Under U 76.5,1.83,1.0
Setka Cup,Oleksandr Leonenko,Oleksandr Osadchyi,Under U 78.5,1.83,1.0
Setka Cup,Anton Yakovenko,Vitalii Kobets,Under U 74.5,1.83,0.0
Setka Cup,Stefan Yakimenko,Oleksandr Leonenko,Under U 77.5,1.83,0.0
Setka Cup,Kostiantyn Klymenko,Serhii Solomko,Under U 77.5,1.83,1.0
Setka Cup,Oleksandr Naida,Dmytro Rehotun,Under U 75.5,1.83,0.0
Setka Cup,Stefan Yakimenko,Kostiantyn Klymenko,Under U 77.5,1.83,0.0
Setka Cup,Serhii Solomko,Oleksandr Osadchyi,Under U 76.5,1.83,1.0
Setka Cup,Myroslav Loboda,Volodymyr Kaidakov,Under U 77.5,1.83,0.0
Setka Cup,Serhii Maksymiv,Volodymyr Kaidakov,Under U 77.5,1.83,1.0
Setka Cup,Spartak Abalmaz,Eduard Rubtsov,Under U 77.5,1.83,0.0
Setka Cup,Dmytro Derevynskyi,Oleksandr Naida,Under U 75.5,1.83,0.0
Setka Cup,Valerii Kolesnykov,Kyrylo Riazanovskyi,Under U 75.5,1.83,0.0
Setka Cup,Roman Tveritinov,Serhii Miroshnychenko,Under U 76.5,1.83,1.0
Setka Cup,Serhii Honcharenko,Yurii Urezchenko,Over O 75.5,1.83,0.0
Setka Cup,Ivan Pytsko,Mykola Slozka,Under U 77.5,1.83,0.0
Setka Cup,Oleh Miklukha,Vitalii Korniichuk,Over O 76.5,1.83,1.0
Setka Cup,Lukas Rulc,Michal Makara,Over O 75.5,1.83,1.0
Setka Cup,Valentyn Kurliuk,Vasyl Matviichuk,Over O 75.5,1.83,0.0
Setka Cup,Dmitro Kuzmenko,Oleksandr Syksa,Over O 73.5,1.83,1.0
Setka Cup,Anatolii Kovalenko,Oleksandr Ovsiienko,Under U 75.5,1.83,1.0
Setka Cup,Jan Rochowanski,Ondrej Kaderabek,Over O 77.5,1.83,1.0
Setka Cup,Oleksandr Leonenko,Stefan Yakimenko,Under U 77.5,1.83,0.0
Setka Cup,Viktor Kodola,Bohdan Pyrtyk,Over O 76.5,1.83,1.0
Setka Cup,Jan Vrnak,Marcel Cmil,Over O 76.5,1.83,1.0
Setka Cup,Sergey Osipov,Maksym Stetsenko,Under U 75.5,1.83,1.0
Setka Cup,Lukas Rulc,Ondrej Kaderabek,Over O 77.5,1.83,0.0
Setka Cup,Serhii Hovorunets,Serhii Semenets,Over O 76.5,1.83,0.0
Setka Cup,Oleksandr Shyshman,Kyrylo Riazanovskyi,Under U 75.5,1.83,1.0
Setka Cup,Serhii Honcharenko,Valentyn Kurliuk,Over O 76.5,1.83,0.0
Setka Cup,Jan Rochowanski,Michal Makara,Over O 76.5,1.83,0.0
Setka Cup,Denys Khavanskyi,Serhii Solomko,Under U 75.5,1.83,0.0
Setka Cup,Serhii Liashchevskyi,Volodymyr Melnykov,Under U 76.5,1.83,1.0
Setka Cup,Dmytro Prylepa,Dmitro Kuzmenko,Over O 74.5,1.83,0.0
Setka Cup,Lukas Rulc,Jan Rochowanski,Over O 77.5,1.83,1.0
Setka Cup,Valerii Kolesnykov,Oleksandr Shyshman,Under U 77.5,1.83,1.0
Setka Cup,Valentyn Kurliuk,Yurii Urezchenko,Over O 70.5,1.83,0.0
Setka Cup,Anatolii Kovalenko,Sergey Osipov,Under U 74.5,1.83,0.0
Setka Cup,Serhii Solomko,Stefan Yakimenko,Under U 76.5,1.83,1.0
Setka Cup,Oleksandr Maslovskyi,Bohdan Pyrtyk,Over O 75.5,1.83,1.0
Setka Cup,Oleh Miklukha,Maksym Stetsenko,Over O 76.5,1.83,1.0
Setka Cup,Serhii Liashchevskyi,Kyrylo Riazanovskyi,Under U 77.5,1.83,0.0
Setka Cup,Ihor Dubinin,Valentyn Kurliuk,Over O 76.5,1.83,1.0
Setka Cup,Sergey Osipov,Oleksandr Ovsiienko,Under U 75.5,1.83,0.0
Setka Cup,Oleksandr Leonenko,Serhii Solomko,Under U 77.5,1.83,0.0
Setka Cup,Anatolii Kovalenko,Vitalii Korniichuk,Under U 77.5,1.83,1.0
Setka Cup,Oleh Plyska,Jaroslav Puk,Over O 74.5,1.83,0.0
Setka Cup,Serhii Liashchevskyi,Oleksandr Shyshman,Under U 75.5,1.83,1.0
Setka Cup,Miroslav Hajek,Tomas Hucko,Under U 78.5,1.83,0.0
Setka Cup,Serhii Hovorunets,Stefan Yakimenko,Over O 74.5,1.83,0.0
Setka Cup,Oleh Karpenko,Kyrylo Riazanovskyi,Under U 76.5,1.83,0.0
Setka Cup,Oleksandr Leonenko,Denys Khavanskyi,Under U 76.5,1.83,1.0
Setka Cup,Oleh Plyska,Martin Obraz,Under U 76.5,1.83,0.0
Setka Cup,Denys Maltsev,Ivan Pytsko,Under U 72.5,1.83,0.0
Setka Cup,Miroslav Hajek,Filip Dusil,Under U 76.5,1.83,1.0
Setka Cup,Miroslav Vana,Jaroslav Puk,Over O 76.5,1.83,1.0
Setka Cup,Volodymyr Melnykov,Kyrylo Riazanovskyi,Under U 76.5,1.83,1.0
Setka Cup,Yurii Volkov,Bohdan Zaika,Under U 77.5,1.83,1.0
Setka Cup,Serhii Semenets,Stefan Yakimenko,Over O 76.5,1.83,0.0
Setka Cup,Oleh Plyska,Miroslav Vana,Over O 75.5,1.83,0.0
Setka Cup,Sergey Osipov,Vitalii Korniichuk,Under U 69.5,1.83,0.0
Setka Cup,Tomas Hucko,Filip Dusil,Under U 75.5,1.83,0.0
Setka Cup,Mykhailo Vivatenko,Evhenii Trehub,Under U 76.5,1.83,1.0
Setka Cup,Yaroslav Kovshun,Bohdan Zaika,Under U 76.5,1.83,1.0
Setka Cup,Oleh Martynenko,Denys Kozoriz,Under U 75.5,1.83,0.0
Setka Cup,Serhii Chuhai,Maksym Hubenko,Over O 72.5,1.83,0.0
Setka Cup,Roman Horokh,Dmytro Yurkov,Under U 75.5,1.83,1.0
Setka Cup,Mykhailo Vivatenko,Denys Kozoriz,Under U 76.5,1.83,0.0
Setka Cup,Yaroslav Kovshun,Oleh Volynets,Under U 75.5,1.83,0.0
Setka Cup,Roman Horokh,Serhii Ponomarenko,Under U 65.5,1.83,0.0
Setka Cup,Andrii Lushchyk,Maksym Hubenko,Over O 75.5,1.83,1.0
Setka Cup,Eduard Rubtsov,Spartak Abalmaz,Under U 77.5,1.83,1.0
Setka Cup,Oleh Martynenko,Orest Melnik,Under U 77.5,1.83,1.0
Setka Cup,Myroslav Loboda,Volodymyr Kaidakov,Under U 77.5,1.83,0.0
Setka Cup,Orest Melnik,Denys Kozoriz,Under U 75.5,1.83,0.0
Setka Cup,Andrii Lushchyk,Serhii Chuhai,Over O 77.5,1.83,1.0
Setka Cup,Volodymyr Kaidakov,Serhii Maksymiv,Under U 77.5,1.83,0.0
Setka Cup,Ondrej Mezera,Petr Semrad,Over O 77.5,1.83,1.0
Setka Cup,Serhii Ponomarenko,Dmytro Yurkov,Under U 59.5,1.83,0.0
Setka Cup,Oleksandr Strutinskiy,Mykhailo Sokur,Under U 76.5,1.83,1.0
Setka Cup,Mykhailo Vivatenko,Orest Melnik,Under U 75.5,1.83,0.0
Setka Cup,Anatolii Nazarov,Yehor Riadynskyi,Under U 75.5,1.83,0.0
Setka Cup,Serhii Chelpanov,Oleksandr Mishchenko,Under U 76.5,1.83,1.0
Setka Cup,Denys Kozoriz,Evhenii Trehub,Under U 76.5,1.83,0.0
Setka Cup,Oleh Volynets,Bohdan Zaika,Under U 75.5,1.83,0.0
Setka Cup,Mykhailo Vivatenko,Oleh Martynenko,Under U 75.5,1.83,0.0
Setka Cup,Orest Melnik,Evhenii Trehub,Under U 76.5,1.83,1.0
Setka Cup,Anatolii Nazarov,Mykhailo Sokur,Under U 76.5,1.83,0.0
Setka Cup,Oleksandr Strutinskiy,Yehor Riadynskyi,Under U 76.5,1.83,0.0
Setka Cup,Artem Chepurnyi,Serhii Chelpanov,Under U 76.5,1.83,1.0
Setka Cup,Pavel Moulis,Karel Jirousek,Under U 77.5,1.83,1.0
Setka Cup,Yehor Riadynskyi,Mykhailo Sokur,Under U 75.5,1.83,0.0
Setka Cup,Yevhen Skorobahatyi,Oleksandr Strutinskiy,Over O 76.5,1.83,0.0
Setka Cup,Volodymyr Plishylo,Ivan Kozachuk,Under U 76.5,1.83,1.0
Setka Cup,Dmytro Neborak,Denys Pesternikov,Over O 75.5,1.83,0.0
Setka Cup,Ivan Kozachuk,Volodymyr Plishylo,Under U 76.5,1.83,1.0
Setka Cup,Denys Pesternikov,Dmytro Neborak,Over O 75.5,1.83,1.0
Setka Cup,Denys Kozoriz,Oleg Sapuzhak,Under U 75.5,1.83,1.0
Setka Cup,Oleksandr Syksa,Dmitro Kuzmenko,Over O 73.5,1.83,1.0
Setka Cup,Roman Durovic,Lukas Adam,Under U 78.5,1.83,1.0
Setka Cup,Mykhailo Vivatenko,Orest Melnik,Under U 76.5,1.83,0.0
Setka Cup,Oleh Miklukha,Maksym Stetsenko,Over O 75.5,1.83,1.0
Setka Cup,Oleg Varlamov,Yevhen Skorobahatyi,Over O 77.5,1.83,0.0
Setka Cup,Dmytro Yurkov,Roman Horokh,Under U 74.5,1.83,1.0
Setka Cup,Maksym Hubenko,Dmitro Kuzmenko,Over O 71.5,1.83,1.0
Setka Cup,Valerii Merzlikin,Oleksandr Strutinskiy,Over O 76.5,1.83,0.0
Setka Cup,Orest Melnik,Oleh Martynenko,Under U 77.5,1.83,0.0
Setka Cup,Oleh Kurylenko,Roman Tveritinov,Under U 75.5,1.83,0.0
Setka Cup,Radovan Pisa,Lukas Adam,Under U 78.5,1.83,1.0
Setka Cup,Denys Kozoriz,Mykhailo Vivatenko,Under U 76.5,1.83,1.0
Setka Cup,Miroslav Hajek,Filip Dusil,Under U 75.5,1.83,0.0
Setka Cup,Oleksandr Ovsiienko,Fedir Voinarovskyi,Over O 75.5,1.83,1.0
Setka Cup,Roman Durovic,Radovan Pisa,Under U 75.5,1.83,0.0
Setka Cup,Oleg Varlamov,Valerii Merzlikin,Over O 74.5,1.83,
Setka Cup,Serhii Ponomarenko,Roman Horokh,Under U 65.5,1.83,0.0
Setka Cup,Oleh Miklukha,Vitalii Korniichuk,Over O 75.5,1.83,1.0
Setka Cup,Mykhailo Sokur,Oleksandr Strutinskiy,Under U 76.5,1.83,1.0
Setka Cup,Mykhailo Vivatenko,Oleg Sapuzhak,Under U 76.5,1.83,1.0
Setka Cup,Dmytro Prylepa,Dmitro Kuzmenko,Over O 73.5,1.83,0.0
Setka Cup,Anatolii Kovalenko,Oleksandr Ovsiienko,Under U 75.5,1.83,1.0
Setka Cup,Valerii Merzlikin,Yevhen Skorobahatyi,Over O 77.5,1.83,0.0
Setka Cup,Denys Kozoriz,Oleh Martynenko,Under U 77.5,1.83,1.0
Setka Cup,Dmytro Yurkov,Serhii Ponomarenko,Under U 59.5,1.83,1.0
Setka Cup,Oleg Varlamov,Oleksandr Strutinskiy,Over O 77.5,1.83,0.0
Setka Cup,Evhenii Trehub,Mykhailo Vivatenko,Under U 75.5,1.83,0.0
Setka Cup,Oleh Miklukha,Fedir Voinarovskyi,Over O 76.5,1.83,1.0
Setka Cup,Denys Kozoriz,Orest Melnik,Under U 76.5,1.83,1.0
Setka Cup,Oleksandr Strutinskiy,Yevhen Skorobahatyi,Over O 76.5,1.83,
Setka Cup,Oleg Sapuzhak,Oleh Martynenko,Under U 77.5,1.83,1.0
Setka Cup,Myroslav Loboda,Oleksandr Budnikov,Over O 74.5,1.83,1.0
Setka Cup,Maksym Stetsenko,Fedir Voinarovskyi,Over O 75.5,1.83,0.0
Setka Cup,Mykhailo Vivatenko,Oleh Martynenko,Under U 75.5,1.83,1.0
Setka Cup,Orest Melnik,Oleg Sapuzhak,Under U 77.5,1.83,1.0
Setka Cup,Oleh Kurylenko,Dmitro Kuzmenko,Over O 76.5,1.83,1.0
Setka Cup,Vitalii Korniichuk,Fedir Voinarovskyi,Over O 75.5,1.83,1.0
Setka Cup,Dmytro Neborak,Denys Pesternikov,Over O 75.5,1.83,1.0
Setka Cup,Oleksandr Ovsiienko,Maksym Stetsenko,Under U 77.5,1.83,0.0
Setka Cup,Andrii Lushchyk,Artem Kasyanov,Over O 73.5,1.83,1.0
Setka Cup,Ivan Kozachuk,Volodymyr Plishylo,Under U 76.5,1.83,1.0
Setka Cup,Vladyslav Mishchenko,Andrii Derevianko,Over O 74.5,1.83,0.0
Setka Cup,Bohdan Pyrtyk,Anatolii Nikolenko,Over O 75.5,1.83,1.0
Setka Cup,Serhii Kushnirenko,Oleh Torianyk,Under U 73.5,1.83,0.0
Setka Cup,Anton Yakovenko,Serhii Chuliukov,Under U 76.5,1.83,0.0
Setka Cup,Yaroslav Kravets,Volodymyr Plishylo,Under U 77.5,1.83,0.0
Setka Cup,Bohdan Plakhtyi,Bohdan Pyrtyk,Over O 74.5,1.83,1.0
Setka Cup,Tomas Stejskal,Pavel Moulis,Under U 76.5,1.83,0.0
Setka Cup,Myhailo Levytskii,Oleh Torianyk,Under U 75.5,1.83,1.0
Setka Cup,Andrii Lushchyk,Serhii Chuhai,Over O 77.5,1.83,0.0
Setka Cup,Dmytro Khairov,Oleksandr Tymofeev,Under U 76.5,1.83,1.0
Setka Cup,Ivan Fedoryshyn,Andrii Lushchyk,Over O 71.5,1.83,0.0
Setka Cup,Yaroslav Kravets,Ivan Kozachuk,Under U 75.5,1.83,1.0
Setka Cup,Pavel Hala,Tomas Kanka,Over O 77.5,1.83,0.0
Setka Cup,Yaroslav Kovshun,Bohdan Zaika,Under U 76.5,1.83,1.0
Setka Cup,Anton Yakovenko,Hryhorii Kulishov,Under U 75.5,1.83,1.0
Setka Cup,Vadym Kononenko,Oleh Torianyk,Under U 76.5,1.83,1.0
Setka Cup,Oleksandr Maslovskyi,Bohdan Pyrtyk,Over O 75.5,1.83,0.0
Setka Cup,Yaroslav Kravets,Dmytro Neborak,Over O 76.5,1.83,0.0
Setka Cup,Bohdan Zaika,Oleksandr Tymofeev,Under U 77.5,1.83,1.0
Setka Cup,Bohdan Plakhtyi,Anatolii Nikolenko,Over O 74.5,1.83,1.0
Setka Cup,Anton Yakovenko,Vitalii Kobets,Under U 75.5,1.83,0.0
Setka Cup,Dmytro Khairov,Bohdan Zaika,Under U 76.5,1.83,1.0
Setka Cup,Anton Yakovenko,Ruslan Yaremenko,Under U 75.5,1.83,1.0
Setka Cup,Josef Hanacek,Karel Polak,Under U 74.5,1.83,1.0
Setka Cup,Dmytro Khairov,Yaroslav Kovshun,Under U 72.5,1.83,0.0
Setka Cup,Tomas Liska,Michal Makara,Over O 74.5,1.83,0.0
Setka Cup,Valerii Vlasenko,Serhii Berezynskyi,Over O 74.5,1.83,1.0
Setka Cup,Vitalii Boyko,Ruslan Haiseniuk,Under U 77.5,1.83,1.0
Setka Cup,Yaroslav Kovshun,Oleksandr Tymofeev,Under U 76.5,1.83,1.0
Setka Cup,Ruslan Haiseniuk,Serhii Berezynskyi,Under U 77.5,1.83,1.0
Setka Cup,Oleh Napirko,Serhii Berezynskyi,Under U 76.5,1.83,1.0
Setka Cup,Serhii Chelpanov,Pavel Plakushchyi,Under U 76.5,1.83,1.0
Setka Cup,Oleksii Hrymovskyi,Oleksandr Dukhovenko,Under U 74.5,1.83,1.0
Setka Cup,Vitalii Boyko,Serhii Berezynskyi,Under U 77.5,1.83,0.0
Setka Cup,Oleg Gavryshko,Oleksandr Dukhovenko,Under U 75.5,1.83,0.0
Setka Cup,Serhii Chelpanov,Oleksii Hrymovskyi,Under U 76.5,1.83,0.0
Setka Cup,Yehor Riadynskyi,Oleksandr Strutinskiy,Under U 76.5,1.83,1.0
Setka Cup,Evhenii Trehub,Denys Kozoriz,Under U 77.5,1.83,0.0
Setka Cup,Yevhen Skorobahatyi,Oleksandr Strutinskiy,Over O 76.5,1.83,0.0
Setka Cup,Mykhailo Sokur,Yehor Riadynskyi,Under U 77.5,1.83,1.0
Setka Cup,Oleh Miklukha,Fedir Voinarovskyi,Over O 77.5,1.83,0.0
Setka Cup,Oleh Torianyk,Serhii Kushnirenko,Under U 72.5,1.83,1.0
Setka Cup,Valerii Romanenko,Yurii Priadko,Over O 76.5,1.83,0.0
Setka Cup,Oleh Volynets,Bohdan Zaika,Under U 74.5,1.83,0.0
Setka Cup,Oleh Miklukha,Daniil Yevdokymov,Over O 73.5,1.83,0.0
Setka Cup,Oleksii Tiutiunnyk,Serhii Kushnirenko,Under U 77.5,1.83,1.0
Setka Cup,Roman Boklah,Yurii Priadko,Over O 77.5,1.83,0.0
Setka Cup,Oleksandr Mytsyk,Valerii Kolesnykov,Under U 77.5,1.83,0.0
Setka Cup,Maksym Stetsenko,Fedir Voinarovskyi,Over O 76.5,1.83,0.0
Setka Cup,Oleh Torianyk,Vadym Kononenko,Under U 76.5,1.83,0.0
Setka Cup,Oleh Karpenko,Serhii Liashchevskyi,Under U 74.5,1.83,0.0
Setka Cup,Ivan Kozachuk,Volodymyr Plishylo,Under U 75.5,1.83,1.0
Setka Cup,Oleksandr Tymofeev,Dmytro Khairov,Under U 75.5,1.83,1.0
Setka Cup,Anatolii Kovalenko,Oleksandr Ovsiienko,Under U 76.5,1.83,1.0
Setka Cup,Oleksii Tiutiunnyk,Myhailo Levytskii,Under U 75.5,1.83,0.0
Setka Cup,Valerii Romanenko,Valerii Kobzar,Over O 72.5,1.83,0.0
Setka Cup,Oleksandr Mytsyk,Roman Andriushchenko,Under U 77.5,1.83,1.0
Setka Cup,Oleh Miklukha,Maksym Stetsenko,Over O 77.5,1.83,1.0
Setka Cup,Serhii Liashchevskyi,Valerii Kolesnykov,Under U 75.5,1.83,1.0
Setka Cup,Mykhailo Kistechko,Volodymyr Plishylo,Under U 75.5,1.83,1.0
Setka Cup,Dmytro Khairov,Bohdan Zaika,Under U 76.5,1.83,0.0
Setka Cup,Oleh Torianyk,Myhailo Levytskii,Under U 74.5,1.83,1.0
Setka Cup,Valerii Kobzar,Yurii Priadko,Over O 74.5,1.83,1.0
Setka Cup,Yurii Volkov,Oleksandr Tymofeev,Under U 77.5,1.83,1.0
Setka Cup,Oleksii Tiutiunnyk,Vadym Kononenko,Under U 74.5,1.83,1.0
Setka Cup,Valerii Romanenko,Vitalii Ananiev,Over O 74.5,1.83,0.0
Setka Cup,Oleksandr Mytsyk,Serhii Liashchevskyi,Under U 76.5,1.83,1.0
Setka Cup,Oleh Volynets,Dmytro Khairov,Under U 78.5,1.83,0.0
Setka Cup,Roman Boklah,Valerii Kobzar,Over O 74.5,1.83,0.0
Setka Cup,Oleksii Tiutiunnyk,Oleh Torianyk,Under U 69.5,1.9,0.0
Setka Cup,Oleksandr Mytsyk,Oleh Karpenko,Under U 76.5,1.83,1.0
Setka Cup,Yurii Volkov,Bohdan Zaika,Under U 77.5,1.83,1.0
Setka Cup,Daniil Yevdokymov,Fedir Voinarovskyi,Over O 76.5,1.83,0.0
Setka Cup,Yurii Priadko,Vitalii Ananiev,Over O 75.5,1.83,0.0
Setka Cup,Tomas Liska,Michal Makara,Over O 74.5,1.83,1.0
Setka Cup,Oleh Volynets,Oleksandr Tymofeev,Under U 73.5,1.83,0.0
Setka Cup,Roman Boklah,Valerii Romanenko,Over O 77.5,1.83,1.0
Setka Cup,Yurii Volkov,Dmytro Khairov,Under U 76.5,1.83,0.0
Setka Cup,Valerii Kobzar,Vitalii Ananiev,Over O 73.5,1.83,1.0
Setka Cup,Maksym Stetsenko,Daniil Yevdokymov,Over O 73.5,1.83,0.0
Setka Cup,Roman Pomin,Yaroslav Makovka,Over O 75.5,1.83,0.0
Setka Cup,Oleh Volynets,Yurii Volkov,Under U 77.5,1.83,1.0
Setka Cup,Volodymyr Tatarnykov,Oleksandr Lyman,Under U 73.5,1.83,0.0
Setka Cup,Vitalii Boyko,Serhii Berezynskyi,Under U 77.5,1.83,0.0
Setka Cup,Oleksandr Tymofeev,Bohdan Zaika,Under U 77.5,1.83,1.0
Setka Cup,Dmytro Yurkov,Illia Hubariev,Under U 56.5,1.83,1.0
Setka Cup,Roman Pomin,Oleh Kuzyshyn,Over O 77.5,1.83,0.0
Setka Cup,Dmytro Patalakha,Sergii Skhabitskiy,Under U 77.5,1.83,1.0
Setka Cup,Karel Polak,Josef Hanacek,Under U 73.5,1.83,1.0
Setka Cup,Jachym Juppa,Petr Abraham,Over O 77.5,1.83,0.0
Setka Cup,Yaroslav Makovka,Oleh Kuzyshyn,Over O 74.5,1.83,0.0
Setka Cup,Oleh Napirko,Serhii Berezynskyi,Under U 76.5,1.83,0.0
Setka Cup,Oleksii Gazhula,Pavlo Chyzh,Under U 76.5,1.8,1.0
Setka Cup,Dmytro Patalakha,Eduard Populovskyi,Under U 77.5,1.83,0.0
Setka Cup,Oleh Kuzyshyn,Yaroslav Makovka,Over O 74.5,1.9,
Setka Cup,Zdenek Kuksa,Petr Abraham,Over O 77.5,1.83,
Setka Cup,Serhii Berezynskyi,Valerii Vlasenko,Over O 74.5,1.83,
Setka Cup,Jakub Makara,Zdenek Sedivy,Over O 77.5,1.83,
Setka Cup,Andrii Lushchyk,Ivan Fedoryshyn,Over O 71.5,1.83,
Setka Cup,Karel Farsky,Jachym Juppa,Over O 75.5,1.83,
Setka Cup,Oleksandr Alieksieev,Daniil Habrelyan,Over O 76.5,1.9,
Setka Cup,Oleksii Gazhula,Ruslan Andrishak,Over O 76.5,1.83,
Setka Cup,Dmytro Yurkov,Roman Horokh,Under U 75.5,1.83,
Setka Cup,Oleksandr Alieksieev,Yaroslav Makovka,Over O 77.5,1.83,
Setka Cup,Josef Hanacek,Karel Polak,Under U 75.5,1.83,
Setka Cup,Oleh Volynets,Stepan Grygorenko,Under U 76.5,1.83,
Setka Cup,Oleksandr Zhyrnov,Daniil Habrelyan,Over O 75.5,1.83,
Setka Cup,Oleh Kuzyshyn,Oleksandr Alieksieev,Over O 76.5,1.83,
Setka Cup,Serhii Berezynskyi,Yaroslav Kravets,Under U 78.5,1.83,
Setka Cup,Serhii Semenets,Vladyslav Stukalov,Over O 74.5,1.83,
Setka Cup,Petr Semrad,Pavel Hala,Over O 77.5,1.83,
Setka Cup,Andrii Lushchyk,Artem Kasyanov,Over O 74.5,1.83,
Setka Cup,Adam Dvoracek,Karel Polak,Under U 74.5,1.83,
Setka Cup,Oleh Volynets,Serhii Kyienko,Under U 76.5,1.83,
Setka Cup,Oleksandr Shyshman,Dmytro Patalakha,Under U 75.5,1.83,
Setka Cup,Josef Hanacek,Adam Dvoracek,Under U 75.5,1.83,
Setka Cup,Oleh Ponomarenko,Vladyslav Stukalov,Over O 75.5,1.83,
Setka Cup,Roman Boklah,Oleksandr Kolos,Over O 73.5,1.83,
Setka Cup,Ruslan Novak,Taras Gil,Under U 76.5,1.83,
Setka Cup,Eduard Populovskyi,Dmytro Patalakha,Under U 77.5,1.83,
Setka Cup,Anatolii Nikolenko,Vasil Salivonchyk,Under U 78.5,1.83,
Setka Cup,Ihor Serdiuk,Serhii Priadko,Under U 75.5,1.83,
Setka Cup,Volodymyr Kuzmych,Yurii Parahailo,Over O 77.5,1.83,
Setka Cup,Jakub Dufek Jnr,Milan Cuba,Under U 73.5,1.83,
Setka Cup,Pavel Plakushchyi,Oleg Gavryshko,Under U 75.5,1.83,
Setka Cup,Viktor Ziakun,Serhii Priadko,Under U 75.5,1.83,
Setka Cup,Yurii Zvolynskyi,Anatoliy Lysyi,Under U 75.5,1.83,
Setka Cup,Mykola Slozka,Taras Gil,Under U 76.5,1.83,
Setka Cup,Oleh Ponomarenko,Volodymyr Varchenko,Over O 73.5,1.83,
Setka Cup,Oleksandr Dukhovenko,Artem Chepurnyi,Under U 75.5,1.83,
Setka Cup,Jakub Dufek Jnr,Artur Akopyan,Under U 74.5,1.83,
Setka Cup,Volodymyr Kuzmych,Oles Kotsyumbas,Over O 77.5,1.83,
Setka Cup,Martin Vorel,Karel Farsky,Over O 75.5,1.83,
Setka Cup,Serhii Honcharenko,Anatoliy Lysyi,Under U 72.5,1.83,
Setka Cup,Oleh Ponomarenko,Serhii Semenets,Over O 74.5,1.83,
Setka Cup,Stefan Yakimenko,Kostiantyn Klymenko,Under U 77.5,1.83,
Setka Cup,Viktor Ziakun,Ihor Serdiuk,Under U 74.5,1.83,
Setka Cup,Serhii Solomko,Oleksandr Leonenko,Under U 77.5,1.83,
Setka Cup,Pavel Plakushchyi,Oleksandr Dukhovenko,Under U 73.5,1.9,
Setka Cup,Oleksandr Leonenko,Oleksandr Osadchyi,Under U 78.5,1.83,
Setka Cup,Oleksandr Dukhovenko,Oleg Gavryshko,Under U 76.5,1.8,
Setka Cup,Volodymyr Kuzmych,Mykola Slozka,Over O 76.5,1.83,
Setka Cup,Stefan Yakimenko,Serhii Solomko,Under U 76.5,1.83,
Setka Cup,Pavel Plakushchyi,Serhii Chelpanov,Under U 76.5,1.83,
Setka Cup,Tadeas Bertho,Stepan Kalensky,Over O 77.5,1.83,
Setka Cup,Yurii Parahailo,Taras Gil,Under U 76.5,1.83,
Setka Cup,Oleksii Hrymovskyi,Oleksandr Dukhovenko,Under U 74.5,1.83,
Setka Cup,Ruslan Novak,Volodymyr Kuzmych,Over O 74.5,1.8,
Setka Cup,Serhii Solomko,Kostiantyn Klymenko,Under U 76.5,1.83,
Setka Cup,Oles Kotsyumbas,Taras Gil,Under U 76.5,1.83,
Setka Cup,Jan Krojidlo,Stepan Kalensky,Over O 77.5,1.83,
Setka Cup,Kostiantyn Klymenko,Oleksandr Osadchyi,Under U 77.5,1.83,
Setka Cup,Yaroslav Vorsuliak,Mykhailo Potapov,Under U 77.5,1.83,
Setka Cup,Yaroslav Tebenko,Ivan Pytsko,Under U 77.5,1.83,
Setka Cup,Dmytro Shchegelskyi,Yaroslav Vorsuliak,Under U 77.5,1.83,
Setka Cup,Oleksandr Leonenko,Kostiantyn Klymenko,Under U 75.5,1.83,
Setka Cup,Oleksandr Naida,Vitalii Khamurda,Under U 75.5,1.83,
Setka Cup,Yaroslav Vorsuliak,Ivan Pytsko,Under U 75.5,1.83,
Setka Cup,Yaroslav Tebenko,Yaroslav Vorsuliak,Under U 77.5,1.83,
Setka Cup,Mykhailo Potapov,Ivan Pytsko,Under U 78.5,1.83,
Setka Cup,Dmytro Rehotun,Oleksandr Naida,Under U 75.5,1.83,
